timestamp,model,input_tokens,output_tokens,cost_usd,latency_ms,feature,status
2026-02-22T00:02:01.306399+00:00,gpt-4o-mini,8065,2676,0.002815,5783.9,doc_qa,success
2026-02-22T00:15:21.853203+00:00,claude-haiku-4-5-20251001,22196,4500,0.035757,3579.9,code_review,success
2026-02-22T01:17:32.541650+00:00,claude-haiku-4-5-20251001,2311,513,0.003901,3330.0,email_drafting,success
2026-02-22T02:12:35.454536+00:00,claude-haiku-4-5-20251001,2474,350,0.003379,12108.9,data_extraction,success
2026-02-22T04:54:43.558238+00:00,claude-sonnet-4-6,5587,1786,0.043551,14558.8,customer_support_agent,success
2026-02-22T05:05:00.251072+00:00,gpt-4o,18590,2327,0.069745,8679.1,doc_qa,success
2026-02-22T05:56:20.369868+00:00,claude-haiku-4-5-20251001,627,439,0.002258,14330.2,email_drafting,success
2026-02-22T06:00:15.876412+00:00,gpt-4o-mini,8827,1756,0.002378,6607.0,doc_qa,success
2026-02-22T06:15:18.121715+00:00,gpt-4o,2740,1062,0.01747,11809.9,customer_support_agent,success
2026-02-22T07:02:20.121372+00:00,claude-haiku-4-5-20251001,4690,1405,0.009372,13040.6,data_extraction,success
2026-02-22T07:52:38.153454+00:00,claude-sonnet-4-6,18125,3690,0.109725,4803.1,doc_qa,success
2026-02-22T07:56:38.997610+00:00,claude-haiku-4-5-20251001,3839,870,0.006551,13311.1,customer_support_agent,success
2026-02-22T08:01:08.342676+00:00,claude-sonnet-4-6,15712,3460,0.099036,7938.4,doc_qa,success
2026-02-22T08:54:37.962266+00:00,gpt-4o,21204,1165,0.06466,10479.1,doc_qa,success
2026-02-22T09:23:21.858218+00:00,claude-sonnet-4-6,16928,3016,0.096024,8118.6,doc_qa,success
2026-02-22T09:49:58.833550+00:00,gpt-4o,1209,586,0.008883,12657.3,email_drafting,error
2026-02-22T09:58:22.822670+00:00,claude-sonnet-4-6,27974,5729,0.169857,4588.5,code_review,success
2026-02-22T12:12:50.967724+00:00,gpt-4o-mini,2368,1233,0.001095,10350.0,data_extraction,success
2026-02-22T12:31:27.894758+00:00,gpt-4o,1871,523,0.009907,4935.1,email_drafting,success
2026-02-22T13:32:56.379886+00:00,claude-haiku-4-5-20251001,8613,1754,0.013906,13881.8,doc_qa,success
2026-02-22T14:35:15.240463+00:00,gpt-4o,4163,1638,0.026787,9389.9,customer_support_agent,success
2026-02-22T14:48:59.069730+00:00,gpt-4o-mini,9829,3358,0.003489,1488.3,doc_qa,success
2026-02-22T15:04:06.288261+00:00,gpt-4o,31992,4081,0.12079,13281.6,code_review,success
2026-02-22T16:30:34.456095+00:00,gpt-4o,2215,829,0.013827,2044.5,email_drafting,success
2026-02-22T16:35:59.040616+00:00,claude-haiku-4-5-20251001,2319,947,0.005643,7369.9,data_extraction,success
2026-02-22T16:54:32.462344+00:00,gpt-4o-mini,4886,550,0.001063,3547.3,customer_support_agent,success
2026-02-22T17:48:57.025725+00:00,gpt-4o,1170,838,0.011305,1100.5,email_drafting,success
2026-02-22T18:07:29.784776+00:00,claude-haiku-4-5-20251001,18232,3495,0.028566,13026.7,doc_qa,success
2026-02-22T19:20:28.638164+00:00,gpt-4o-mini,3191,1359,0.001294,10118.3,customer_support_agent,success
2026-02-22T19:36:14.952684+00:00,claude-sonnet-4-6,3306,407,0.016023,1666.7,data_extraction,success
2026-02-22T19:36:45.252561+00:00,claude-sonnet-4-6,3398,604,0.019254,3617.3,customer_support_agent,success
2026-02-22T19:49:37.106789+00:00,claude-sonnet-4-6,2192,1318,0.026346,10391.6,data_extraction,success
2026-02-22T19:50:34.217574+00:00,claude-sonnet-4-6,35949,7459,0.219732,1766.7,code_review,success
2026-02-22T20:00:41.161813+00:00,gpt-4o-mini,20013,7761,0.007659,1666.5,code_review,success
2026-02-22T20:57:46.231891+00:00,claude-sonnet-4-6,24699,2161,0.106512,10445.9,doc_qa,success
2026-02-22T20:58:50.769753+00:00,claude-haiku-4-5-20251001,15298,1416,0.017902,10201.6,doc_qa,success
2026-02-22T21:43:08.257588+00:00,gpt-4o,4980,1056,0.02301,2250.8,customer_support_agent,success
2026-02-22T22:21:07.446839+00:00,gpt-4o,19312,1602,0.0643,10350.0,doc_qa,success
2026-02-23T01:43:24.615253+00:00,claude-haiku-4-5-20251001,14114,2387,0.020839,9566.9,doc_qa,success
2026-02-23T01:47:18.877460+00:00,gpt-4o,27583,5665,0.125608,6589.4,code_review,success
2026-02-23T02:00:53.434247+00:00,claude-haiku-4-5-20251001,14059,7016,0.039311,3065.8,code_review,success
2026-02-23T02:12:29.859356+00:00,claude-sonnet-4-6,6606,1827,0.047223,5566.7,doc_qa,success
2026-02-23T02:34:42.343108+00:00,claude-haiku-4-5-20251001,1034,450,0.002627,9757.9,email_drafting,success
2026-02-23T02:48:09.973722+00:00,claude-haiku-4-5-20251001,3503,1907,0.01043,1515.1,customer_support_agent,success
2026-02-23T03:03:05.224150+00:00,claude-sonnet-4-6,6005,3183,0.06576,634.4,doc_qa,success
2026-02-23T03:04:04.896176+00:00,gpt-4o-mini,27952,5269,0.007354,2493.8,code_review,success
2026-02-23T03:28:57.493478+00:00,gpt-4o,3316,1031,0.0186,524.1,data_extraction,success
2026-02-23T05:22:17.594195+00:00,gpt-4o,3096,517,0.01291,12670.5,customer_support_agent,success
2026-02-23T05:53:02.606038+00:00,gpt-4o-mini,5964,1175,0.0016,8191.0,customer_support_agent,success
2026-02-23T07:09:43.683820+00:00,gpt-4o-mini,34274,7678,0.009748,6132.8,code_review,success
2026-02-23T07:10:23.425447+00:00,gpt-4o-mini,1056,355,0.000371,8382.6,email_drafting,success
2026-02-23T07:51:09.701630+00:00,claude-sonnet-4-6,2967,683,0.019146,12789.5,data_extraction,success
2026-02-23T08:54:25.025425+00:00,claude-haiku-4-5-20251001,29047,3850,0.038638,4386.0,code_review,success
2026-02-23T11:32:34.534523+00:00,claude-haiku-4-5-20251001,3589,1287,0.008019,7434.5,data_extraction,success
2026-02-23T11:44:37.513255+00:00,gpt-4o-mini,5599,854,0.001352,8770.2,customer_support_agent,success
2026-02-23T12:39:41.516171+00:00,claude-haiku-4-5-20251001,5595,1745,0.011456,12463.5,customer_support_agent,success
2026-02-23T12:51:34.354255+00:00,gpt-4o-mini,10803,1042,0.002246,3315.1,doc_qa,success
2026-02-23T13:17:05.923345+00:00,gpt-4o-mini,6945,1348,0.001851,13297.0,doc_qa,success
2026-02-23T15:00:55.579088+00:00,claude-sonnet-4-6,30897,7716,0.208431,7150.1,code_review,success
2026-02-23T15:45:36.138545+00:00,claude-sonnet-4-6,3218,1469,0.031689,11503.7,data_extraction,success
2026-02-23T15:50:49.438586+00:00,gpt-4o,979,416,0.006607,5778.0,email_drafting,error
2026-02-23T16:49:24.391539+00:00,claude-sonnet-4-6,1029,713,0.013782,5365.9,email_drafting,error
2026-02-23T16:54:44.469517+00:00,gpt-4o,24687,4849,0.110207,12905.9,code_review,success
2026-02-23T17:02:18.607321+00:00,claude-haiku-4-5-20251001,5242,3883,0.019726,12137.4,doc_qa,success
2026-02-23T18:11:01.227267+00:00,gpt-4o,1751,304,0.007417,13389.6,email_drafting,success
2026-02-23T19:06:10.603809+00:00,claude-haiku-4-5-20251001,22167,1122,0.022222,11090.3,doc_qa,success
2026-02-23T20:34:25.602641+00:00,gpt-4o-mini,3578,1387,0.001369,10711.4,customer_support_agent,success
2026-02-23T21:17:51.587196+00:00,claude-sonnet-4-6,20810,2531,0.100395,12240.2,doc_qa,success
2026-02-23T21:28:59.143556+00:00,claude-haiku-4-5-20251001,1923,579,0.003854,3485.7,email_drafting,success
2026-02-23T21:51:52.685809+00:00,gpt-4o,1019,494,0.007487,5078.3,email_drafting,success
2026-02-23T22:16:20.926277+00:00,gpt-4o,2081,727,0.012473,10810.7,email_drafting,success
2026-02-23T22:39:55.506230+00:00,claude-haiku-4-5-20251001,11474,3445,0.022959,9821.2,doc_qa,success
2026-02-23T23:03:28.226609+00:00,claude-haiku-4-5-20251001,643,751,0.003518,4193.4,email_drafting,success
2026-02-23T23:08:00.340088+00:00,gpt-4o-mini,4509,1427,0.001533,7283.0,data_extraction,success
2026-02-23T23:20:31.724368+00:00,claude-haiku-4-5-20251001,2626,1324,0.007397,10509.8,customer_support_agent,success
2026-02-24T00:51:21.021843+00:00,claude-sonnet-4-6,28432,7660,0.200196,3135.9,code_review,success
2026-02-24T00:53:18.380654+00:00,gpt-4o,9307,2744,0.050707,5886.9,doc_qa,success
2026-02-24T01:45:39.362770+00:00,claude-haiku-4-5-20251001,4790,1478,0.009744,7742.8,data_extraction,success
2026-02-24T02:27:13.179688+00:00,gpt-4o,3841,385,0.013452,6215.3,data_extraction,success
2026-02-24T04:30:40.281221+00:00,gpt-4o,34760,5079,0.13769,7091.0,code_review,success
2026-02-24T05:07:52.817836+00:00,gpt-4o,4983,898,0.021437,5663.1,customer_support_agent,success
2026-02-24T05:11:31.107524+00:00,gpt-4o,3186,1494,0.022905,5371.4,data_extraction,success
2026-02-24T06:40:01.383306+00:00,claude-haiku-4-5-20251001,4877,1926,0.011606,2655.7,customer_support_agent,success
2026-02-24T06:45:07.500527+00:00,claude-haiku-4-5-20251001,6166,3931,0.020657,6448.7,doc_qa,success
2026-02-24T07:09:22.006311+00:00,claude-haiku-4-5-20251001,4198,1438,0.00911,12563.3,data_extraction,success
2026-02-24T07:55:33.451576+00:00,claude-sonnet-4-6,33579,7729,0.216672,2235.2,code_review,success
2026-02-24T08:56:47.927768+00:00,gpt-4o,3422,627,0.014825,12315.8,customer_support_agent,success
2026-02-24T09:31:24.708331+00:00,gpt-4o,1531,802,0.011848,4908.6,email_drafting,success
2026-02-24T10:09:10.820184+00:00,claude-haiku-4-5-20251001,2248,376,0.003302,6234.0,email_drafting,success
2026-02-24T10:33:40.955588+00:00,claude-sonnet-4-6,2253,346,0.011949,14874.8,email_drafting,success
2026-02-24T11:39:37.648357+00:00,gpt-4o-mini,2656,1645,0.001385,9385.3,customer_support_agent,success
2026-02-24T12:09:17.531624+00:00,gpt-4o,17589,5592,0.099892,13950.0,code_review,success
2026-02-24T13:06:13.478558+00:00,claude-haiku-4-5-20251001,3552,497,0.00483,11168.8,data_extraction,success
2026-02-24T13:50:09.460438+00:00,gpt-4o-mini,995,466,0.000429,8196.0,email_drafting,success
2026-02-24T16:30:05.597913+00:00,gpt-4o-mini,4442,967,0.001246,12265.4,data_extraction,success
2026-02-24T17:05:40.912691+00:00,claude-haiku-4-5-20251001,2556,1918,0.009717,9175.9,customer_support_agent,success
2026-02-24T19:17:33.678833+00:00,gpt-4o,3414,1124,0.019775,7284.0,customer_support_agent,success
2026-02-24T19:24:22.054635+00:00,gpt-4o-mini,3783,843,0.001073,8441.0,customer_support_agent,success
2026-02-24T19:25:28.152676+00:00,gpt-4o-mini,3192,1400,0.001319,7843.2,data_extraction,success
2026-02-24T19:33:32.842778+00:00,gpt-4o-mini,14276,3679,0.004349,7970.2,doc_qa,success
2026-02-24T20:01:34.118730+00:00,gpt-4o,9516,3405,0.05784,5571.3,doc_qa,success
2026-02-24T20:20:48.212525+00:00,claude-sonnet-4-6,2962,1124,0.025746,3956.6,customer_support_agent,success
2026-02-24T21:23:32.761723+00:00,claude-sonnet-4-6,25762,4564,0.145746,5333.4,code_review,success
2026-02-24T22:32:48.312131+00:00,claude-haiku-4-5-20251001,513,610,0.00285,7563.2,email_drafting,success
2026-02-24T22:59:02.356560+00:00,gpt-4o,9097,3728,0.060022,6380.0,doc_qa,success
2026-02-25T00:24:37.317732+00:00,claude-sonnet-4-6,3653,1788,0.037779,13172.5,customer_support_agent,success
2026-02-25T01:22:12.598504+00:00,claude-sonnet-4-6,14594,2784,0.085542,11980.6,doc_qa,success
2026-02-25T02:18:53.193045+00:00,gpt-4o,23929,2694,0.086763,14271.5,code_review,success
2026-02-25T02:24:05.143520+00:00,gpt-4o,14717,1489,0.051682,1623.6,doc_qa,success
2026-02-25T03:01:06.203363+00:00,claude-sonnet-4-6,5295,1806,0.042975,3359.0,customer_support_agent,success
2026-02-25T03:35:53.825146+00:00,claude-haiku-4-5-20251001,4722,854,0.007194,8172.8,customer_support_agent,success
2026-02-25T03:58:21.268723+00:00,gpt-4o-mini,33319,6692,0.009013,8479.9,code_review,success
2026-02-25T04:19:53.075302+00:00,gpt-4o,1974,979,0.014725,1185.0,email_drafting,success
2026-02-25T04:43:58.339103+00:00,claude-haiku-4-5-20251001,23323,2597,0.029046,12289.0,doc_qa,success
2026-02-25T09:40:36.075291+00:00,gpt-4o-mini,5367,1194,0.001521,8355.8,customer_support_agent,success
2026-02-25T09:49:50.505576+00:00,claude-sonnet-4-6,30815,7932,0.211425,2246.7,code_review,success
2026-02-25T10:19:58.862982+00:00,claude-sonnet-4-6,4386,2071,0.044223,4034.5,doc_qa,success
2026-02-25T10:20:15.091149+00:00,gpt-4o-mini,3183,1525,0.001392,804.6,customer_support_agent,success
2026-02-25T12:00:25.692258+00:00,gpt-4o-mini,4275,1666,0.001641,7954.6,customer_support_agent,success
2026-02-25T12:04:53.328072+00:00,claude-sonnet-4-6,14210,2915,0.086355,2970.9,doc_qa,success
2026-02-25T12:16:13.438119+00:00,claude-sonnet-4-6,1028,885,0.016359,5807.3,email_drafting,success
2026-02-25T12:22:26.485369+00:00,gpt-4o,555,646,0.007848,6130.9,email_drafting,success
2026-02-25T12:40:48.504863+00:00,claude-sonnet-4-6,13097,7863,0.157236,7873.7,code_review,success
2026-02-25T13:52:57.032469+00:00,claude-haiku-4-5-20251001,2123,350,0.003098,3353.5,data_extraction,success
2026-02-25T14:12:53.884175+00:00,gpt-4o,1576,256,0.0065,8455.3,email_drafting,success
2026-02-25T14:30:01.566373+00:00,gpt-4o,9812,7514,0.09967,940.1,code_review,success
2026-02-25T14:59:48.490488+00:00,gpt-4o-mini,11509,3330,0.003724,931.9,doc_qa,success
2026-02-25T16:07:19.677008+00:00,gpt-4o,3555,823,0.017118,835.9,customer_support_agent,success
2026-02-25T18:43:12.063849+00:00,claude-sonnet-4-6,10782,4853,0.105141,9497.3,code_review,success
2026-02-25T19:54:15.145584+00:00,gpt-4o,37036,4164,0.13423,3633.8,code_review,success
2026-02-25T20:11:11.533973+00:00,gpt-4o-mini,837,470,0.000408,7032.1,email_drafting,success
2026-02-25T21:14:42.267088+00:00,claude-haiku-4-5-20251001,12728,2948,0.021974,2237.8,doc_qa,success
2026-02-25T22:01:13.661298+00:00,claude-sonnet-4-6,2745,1639,0.03282,3298.4,customer_support_agent,success
2026-02-25T22:21:40.544168+00:00,gpt-4o,5508,1818,0.03195,4479.7,customer_support_agent,success
2026-02-25T22:26:40.920515+00:00,claude-haiku-4-5-20251001,879,230,0.001623,3486.1,email_drafting,success
2026-02-25T22:35:11.514806+00:00,claude-haiku-4-5-20251001,22773,3384,0.031754,11676.8,doc_qa,success
2026-02-26T01:20:23.934571+00:00,gpt-4o,3947,1936,0.029227,4153.5,customer_support_agent,success
2026-02-26T01:43:57.643015+00:00,gpt-4o-mini,1268,355,0.000403,14571.3,email_drafting,success
2026-02-26T02:30:59.232203+00:00,gpt-4o,2068,496,0.01013,14984.6,email_drafting,success
2026-02-26T02:53:16.471400+00:00,claude-sonnet-4-6,2763,624,0.017649,4256.6,customer_support_agent,success
2026-02-26T03:56:50.184890+00:00,gpt-4o-mini,2895,1447,0.001302,8839.4,data_extraction,success
2026-02-26T04:56:15.075312+00:00,gpt-4o-mini,5845,552,0.001208,2128.7,customer_support_agent,success
2026-02-26T05:14:04.869630+00:00,claude-sonnet-4-6,4386,1709,0.038793,11093.7,doc_qa,success
2026-02-26T06:37:45.426171+00:00,gpt-4o,10513,2613,0.052413,3892.2,doc_qa,success
2026-02-26T06:42:35.167786+00:00,claude-haiku-4-5-20251001,4152,813,0.006574,13826.3,customer_support_agent,success
2026-02-26T09:05:12.870735+00:00,gpt-4o-mini,6116,3015,0.002726,11280.5,doc_qa,success
2026-02-26T10:31:37.072194+00:00,claude-haiku-4-5-20251001,2346,1387,0.007425,6428.8,data_extraction,success
2026-02-26T11:37:27.190639+00:00,claude-sonnet-4-6,27941,6050,0.174573,10882.1,code_review,success
2026-02-26T11:46:47.892020+00:00,claude-sonnet-4-6,11828,2648,0.075204,4202.9,code_review,success
2026-02-26T12:20:25.548394+00:00,claude-haiku-4-5-20251001,2120,1284,0.006832,12695.3,customer_support_agent,success
2026-02-26T12:55:38.377316+00:00,gpt-4o,1862,461,0.009265,14307.6,data_extraction,success
2026-02-26T12:59:15.053215+00:00,claude-haiku-4-5-20251001,32877,5745,0.049282,9163.7,code_review,success
2026-02-26T13:05:10.777562+00:00,gpt-4o,22329,3373,0.089553,8001.6,doc_qa,success
2026-02-26T13:31:17.725754+00:00,claude-haiku-4-5-20251001,3727,1367,0.00845,4652.2,customer_support_agent,success
2026-02-26T14:03:17.516776+00:00,gpt-4o-mini,8402,3742,0.003505,14181.3,doc_qa,success
2026-02-26T14:56:45.256548+00:00,gpt-4o-mini,3420,1227,0.001249,852.1,data_extraction,success
2026-02-26T15:16:50.605736+00:00,claude-sonnet-4-6,2325,396,0.012915,5770.9,email_drafting,success
2026-02-26T15:23:00.340685+00:00,gpt-4o,39902,7293,0.172685,2766.1,code_review,success
2026-02-26T15:33:51.116196+00:00,gpt-4o,17152,3706,0.07994,3636.7,code_review,success
2026-02-26T15:36:40.676470+00:00,gpt-4o-mini,14418,1611,0.003129,5047.6,doc_qa,success
2026-02-26T15:40:52.800247+00:00,claude-sonnet-4-6,4433,3923,0.072144,12375.3,doc_qa,success
2026-02-26T15:48:52.539866+00:00,gpt-4o,24091,2231,0.082537,12569.3,doc_qa,success
2026-02-26T16:05:47.799368+00:00,gpt-4o-mini,35901,7645,0.009972,13044.1,code_review,success
2026-02-26T16:22:49.181301+00:00,claude-sonnet-4-6,18090,3192,0.10215,10937.5,code_review,success
2026-02-26T18:29:32.510020+00:00,gpt-4o-mini,8911,3291,0.003311,5614.7,doc_qa,success
2026-02-26T19:00:10.778565+00:00,claude-haiku-4-5-20251001,11486,5937,0.032937,10248.2,code_review,success
2026-02-26T19:25:04.493118+00:00,claude-haiku-4-5-20251001,2531,1295,0.007205,7269.6,data_extraction,success
2026-02-26T20:22:03.293736+00:00,claude-sonnet-4-6,17055,3832,0.108645,2917.4,doc_qa,success
2026-02-26T21:10:25.629539+00:00,claude-haiku-4-5-20251001,1090,772,0.00396,11945.9,email_drafting,success
2026-02-26T22:14:53.283861+00:00,gpt-4o-mini,687,609,0.000468,5694.6,email_drafting,success
2026-02-27T00:21:56.367544+00:00,gpt-4o,31855,2370,0.103337,5224.3,code_review,success
2026-02-27T01:19:53.212199+00:00,gpt-4o,2306,791,0.013675,3633.4,data_extraction,success
2026-02-27T01:33:11.799137+00:00,claude-sonnet-4-6,2023,264,0.010029,13102.2,email_drafting,success
2026-02-27T02:03:08.907608+00:00,claude-haiku-4-5-20251001,24048,3310,0.032478,9453.3,doc_qa,success
2026-02-27T02:36:05.118625+00:00,claude-haiku-4-5-20251001,19569,2786,0.026799,8757.6,doc_qa,success
2026-02-27T03:20:06.257589+00:00,gpt-4o,4361,744,0.018343,7497.3,data_extraction,success
2026-02-27T03:48:04.385515+00:00,gpt-4o-mini,3809,997,0.00117,7756.4,customer_support_agent,success
2026-02-27T04:09:11.242179+00:00,gpt-4o-mini,1435,998,0.000814,1709.5,email_drafting,error
2026-02-27T04:36:26.337832+00:00,claude-haiku-4-5-20251001,4834,1321,0.009151,10406.6,data_extraction,success
2026-02-27T04:49:04.054081+00:00,claude-haiku-4-5-20251001,4853,2516,0.013946,819.0,doc_qa,success
2026-02-27T04:51:24.441332+00:00,claude-sonnet-4-6,38299,4331,0.179862,14201.7,code_review,success
2026-02-27T05:56:07.335100+00:00,gpt-4o,22172,2721,0.08264,9498.2,code_review,success
2026-02-27T07:06:56.859107+00:00,claude-sonnet-4-6,4025,1364,0.032535,1273.3,customer_support_agent,success
2026-02-27T07:07:11.080608+00:00,gpt-4o,11741,2239,0.051742,4906.6,doc_qa,success
2026-02-27T08:46:55.140188+00:00,claude-sonnet-4-6,2277,958,0.021201,5458.5,email_drafting,success
2026-02-27T09:12:59.705063+00:00,claude-sonnet-4-6,638,857,0.014769,6379.8,email_drafting,error
2026-02-27T10:02:32.041445+00:00,claude-haiku-4-5-20251001,739,928,0.004303,12515.7,email_drafting,success
2026-02-27T11:19:05.783170+00:00,claude-haiku-4-5-20251001,20335,6589,0.042624,14262.7,code_review,success
2026-02-27T12:06:07.617856+00:00,claude-haiku-4-5-20251001,2881,1748,0.009297,1364.3,customer_support_agent,success
2026-02-27T12:14:34.750779+00:00,claude-haiku-4-5-20251001,3957,1381,0.00869,14126.6,data_extraction,success
2026-02-27T12:20:46.126020+00:00,gpt-4o-mini,13083,6136,0.005644,12841.9,code_review,success
2026-02-27T12:38:26.302691+00:00,gpt-4o-mini,2728,797,0.000887,10688.7,customer_support_agent,success
2026-02-27T14:34:43.870637+00:00,gpt-4o-mini,3889,1197,0.001302,13078.0,customer_support_agent,success
2026-02-27T14:54:27.192481+00:00,gpt-4o-mini,20742,3282,0.00508,12420.1,code_review,success
2026-02-27T15:04:39.130058+00:00,gpt-4o-mini,6525,4241,0.003523,13859.0,code_review,success
2026-02-27T15:36:58.431173+00:00,claude-haiku-4-5-20251001,3273,1631,0.009142,9503.3,customer_support_agent,success
2026-02-27T15:59:04.440634+00:00,gpt-4o-mini,1220,989,0.000776,14607.6,email_drafting,success
2026-02-27T16:22:45.514834+00:00,gpt-4o,4803,1721,0.029218,6052.7,customer_support_agent,success
2026-02-27T17:03:45.860020+00:00,claude-sonnet-4-6,15384,5267,0.125157,10779.5,code_review,success
2026-02-27T17:41:50.480594+00:00,claude-haiku-4-5-20251001,5044,675,0.006735,1954.5,customer_support_agent,success
2026-02-27T17:54:48.649914+00:00,gpt-4o,18901,3583,0.083083,13583.6,doc_qa,success
2026-02-27T19:24:35.006056+00:00,claude-sonnet-4-6,34121,2297,0.136818,14492.8,code_review,error
2026-02-27T21:20:24.220914+00:00,claude-sonnet-4-6,7260,2607,0.060885,6841.8,code_review,success
2026-02-27T21:38:11.195520+00:00,gpt-4o,2126,331,0.008625,11646.0,email_drafting,success
2026-02-27T21:44:46.866578+00:00,gpt-4o,15475,2964,0.068327,2440.1,doc_qa,success
2026-02-27T22:02:23.301721+00:00,claude-sonnet-4-6,2385,203,0.0102,14408.7,email_drafting,success
2026-02-28T00:39:18.531883+00:00,claude-sonnet-4-6,24892,3395,0.125601,10049.6,doc_qa,success
2026-02-28T01:04:39.220490+00:00,gpt-4o-mini,13412,1539,0.002935,8192.8,doc_qa,success
2026-02-28T02:16:11.198055+00:00,gpt-4o,2462,769,0.013845,6059.8,customer_support_agent,success
2026-02-28T06:35:29.961008+00:00,claude-haiku-4-5-20251001,23409,3380,0.032247,4041.5,doc_qa,success
2026-02-28T09:37:57.948489+00:00,gpt-4o-mini,16385,2988,0.004251,14521.2,doc_qa,success
2026-02-28T10:26:17.519360+00:00,claude-haiku-4-5-20251001,21438,6575,0.04345,10157.2,code_review,success
2026-02-28T10:29:29.679145+00:00,gpt-4o-mini,4782,2600,0.002277,5224.4,doc_qa,success
2026-02-28T11:03:34.223323+00:00,claude-sonnet-4-6,2447,1761,0.033756,5551.2,customer_support_agent,success
2026-02-28T11:11:44.674837+00:00,claude-sonnet-4-6,33727,5038,0.176751,12729.5,code_review,success
2026-02-28T14:40:26.296493+00:00,gpt-4o-mini,3002,1347,0.001259,1039.7,customer_support_agent,success
2026-02-28T14:48:05.336231+00:00,claude-sonnet-4-6,9733,1839,0.056784,5574.0,doc_qa,success
2026-02-28T15:58:20.682230+00:00,claude-haiku-4-5-20251001,2753,1731,0.009126,1860.0,customer_support_agent,success
2026-02-28T16:13:47.522011+00:00,gpt-4o-mini,24670,2360,0.005116,4512.6,doc_qa,success
2026-02-28T16:42:36.376010+00:00,claude-sonnet-4-6,4904,1490,0.037062,4511.8,customer_support_agent,success
2026-02-28T16:47:08.177538+00:00,gpt-4o-mini,3506,873,0.00105,14145.0,customer_support_agent,success
2026-02-28T16:50:55.930348+00:00,claude-sonnet-4-6,22761,3835,0.125808,14472.2,doc_qa,success
2026-02-28T16:58:38.500706+00:00,claude-sonnet-4-6,5449,1522,0.039177,12649.1,customer_support_agent,success
2026-02-28T16:59:48.804571+00:00,gpt-4o,6610,4669,0.063215,8910.4,code_review,success
2026-02-28T17:48:28.130654+00:00,claude-haiku-4-5-20251001,3248,755,0.005618,9959.0,customer_support_agent,success
2026-02-28T17:49:55.999037+00:00,claude-sonnet-4-6,2230,1095,0.023115,8410.5,data_extraction,success
2026-02-28T18:28:53.004944+00:00,claude-sonnet-4-6,12875,5947,0.12783,10684.1,code_review,error
2026-02-28T19:37:00.004951+00:00,claude-sonnet-4-6,10213,3625,0.085014,5344.5,doc_qa,success
2026-02-28T20:23:49.081762+00:00,gpt-4o,9951,3359,0.058468,11458.0,doc_qa,success
2026-02-28T21:05:25.539736+00:00,claude-sonnet-4-6,2355,376,0.012705,6442.6,data_extraction,success
2026-02-28T21:05:36.285243+00:00,gpt-4o-mini,11436,2041,0.00294,13269.2,code_review,success
2026-02-28T21:32:03.045539+00:00,claude-sonnet-4-6,29221,2584,0.126423,1286.6,code_review,success
2026-02-28T22:10:42.903174+00:00,claude-haiku-4-5-20251001,2482,790,0.005146,4174.0,email_drafting,success
2026-02-28T22:28:16.863737+00:00,gpt-4o-mini,4003,710,0.001026,9863.1,customer_support_agent,success
2026-02-28T22:36:46.691175+00:00,gpt-4o-mini,4424,1096,0.001321,1471.4,data_extraction,success
2026-02-28T23:32:30.496120+00:00,gpt-4o-mini,1745,246,0.000409,2470.0,email_drafting,success
2026-02-28T23:58:45.951929+00:00,claude-haiku-4-5-20251001,2889,777,0.005419,6026.7,customer_support_agent,success
2026-03-01T00:25:47.928016+00:00,gpt-4o-mini,35741,6757,0.009415,4754.4,code_review,success
2026-03-01T01:24:35.069151+00:00,gpt-4o-mini,2047,1533,0.001227,10601.3,customer_support_agent,success
2026-03-01T03:29:22.329381+00:00,gpt-4o-mini,36880,7211,0.009859,1264.6,code_review,success
2026-03-01T03:44:54.548151+00:00,gpt-4o-mini,17877,3289,0.004655,8625.2,code_review,success
2026-03-01T04:09:54.683670+00:00,gpt-4o,18139,2921,0.074557,9427.9,code_review,success
2026-03-01T04:41:46.984902+00:00,gpt-4o,29508,3310,0.10687,13030.0,code_review,success
2026-03-01T05:28:17.011135+00:00,gpt-4o-mini,3214,801,0.000963,8689.3,data_extraction,success
2026-03-01T07:06:55.821654+00:00,gpt-4o-mini,25020,4490,0.006447,11104.3,code_review,error
2026-03-01T09:01:18.734713+00:00,claude-sonnet-4-6,34355,6511,0.20073,4883.7,code_review,success
2026-03-01T09:45:34.951683+00:00,gpt-4o,3909,854,0.018313,6590.8,customer_support_agent,success
2026-03-01T09:52:26.029800+00:00,claude-sonnet-4-6,3593,995,0.025704,8307.0,customer_support_agent,success
2026-03-01T09:55:15.967301+00:00,claude-haiku-4-5-20251001,23544,3254,0.031851,10713.6,doc_qa,success
2026-03-01T10:15:39.592955+00:00,gpt-4o-mini,2304,1458,0.00122,6994.6,customer_support_agent,success
2026-03-01T10:24:17.793075+00:00,claude-haiku-4-5-20251001,19245,1248,0.020388,7193.2,doc_qa,success
2026-03-01T12:47:38.868411+00:00,claude-haiku-4-5-20251001,2085,1922,0.009356,1806.7,customer_support_agent,success
2026-03-01T13:03:50.008595+00:00,claude-haiku-4-5-20251001,4536,2969,0.015505,10190.5,doc_qa,success
2026-03-01T14:15:06.476506+00:00,gpt-4o-mini,9317,3082,0.003247,12989.7,doc_qa,success
2026-03-01T16:52:25.419130+00:00,claude-haiku-4-5-20251001,2343,843,0.005246,6206.4,email_drafting,success
2026-03-01T17:47:00.583776+00:00,claude-haiku-4-5-20251001,30127,4413,0.041754,9476.3,code_review,success
2026-03-01T18:16:48.192614+00:00,claude-haiku-4-5-20251001,1103,707,0.00371,11875.3,email_drafting,success
2026-03-01T19:07:03.358758+00:00,claude-haiku-4-5-20251001,2264,792,0.004979,6417.6,customer_support_agent,success
2026-03-01T20:54:00.160809+00:00,gpt-4o,2992,904,0.01652,6998.5,customer_support_agent,success
2026-03-01T21:21:54.201098+00:00,claude-sonnet-4-6,5327,1353,0.036276,8144.7,customer_support_agent,success
2026-03-01T21:33:44.967924+00:00,claude-haiku-4-5-20251001,2355,267,0.002952,13726.5,email_drafting,error
2026-03-01T21:38:50.015991+00:00,claude-haiku-4-5-20251001,1590,921,0.004956,3974.9,email_drafting,success
2026-03-01T22:02:51.425170+00:00,gpt-4o,4487,1767,0.028887,9288.0,customer_support_agent,success
2026-03-01T23:20:53.635236+00:00,claude-haiku-4-5-20251001,2140,519,0.003788,2474.5,email_drafting,success
2026-03-02T00:02:02.177360+00:00,gpt-4o-mini,1707,687,0.000668,14002.8,email_drafting,success
2026-03-02T00:02:50.972291+00:00,claude-haiku-4-5-20251001,6064,3329,0.018167,4190.5,doc_qa,success
2026-03-02T00:59:37.576302+00:00,gpt-4o,4269,678,0.017453,10777.1,data_extraction,success
2026-03-02T01:41:34.860283+00:00,gpt-4o-mini,2209,216,0.000461,1470.1,email_drafting,success
2026-03-02T01:58:08.327122+00:00,claude-haiku-4-5-20251001,3046,1236,0.007381,9373.3,customer_support_agent,success
2026-03-02T03:57:05.190205+00:00,gpt-4o,30384,3946,0.11542,9932.4,code_review,error
2026-03-02T04:08:13.827417+00:00,gpt-4o-mini,2369,801,0.000836,4694.6,customer_support_agent,success
2026-03-02T04:47:17.397076+00:00,claude-sonnet-4-6,18452,2718,0.096126,14079.6,doc_qa,success
2026-03-02T05:30:08.607888+00:00,gpt-4o-mini,12371,2086,0.003107,10040.8,doc_qa,success
2026-03-02T05:35:18.782654+00:00,claude-sonnet-4-6,35049,5456,0.186987,5764.8,code_review,success
2026-03-02T06:53:00.625646+00:00,claude-haiku-4-5-20251001,2634,1482,0.008035,10125.8,customer_support_agent,success
2026-03-02T08:22:12.096285+00:00,claude-haiku-4-5-20251001,3673,661,0.005582,13095.4,data_extraction,success
2026-03-02T09:19:29.054681+00:00,gpt-4o,2067,289,0.008057,2126.0,email_drafting,success
2026-03-02T09:27:17.672114+00:00,claude-haiku-4-5-20251001,12236,2314,0.019045,3560.3,doc_qa,success
2026-03-02T12:35:22.432227+00:00,claude-sonnet-4-6,2048,1021,0.021459,3453.0,customer_support_agent,success
2026-03-02T12:39:56.048481+00:00,claude-sonnet-4-6,9253,2869,0.070794,5370.2,doc_qa,success
2026-03-02T14:00:43.200020+00:00,claude-sonnet-4-6,5693,1235,0.035604,6203.1,customer_support_agent,success
2026-03-02T15:44:20.356437+00:00,claude-sonnet-4-6,3465,924,0.024255,14466.6,customer_support_agent,success
2026-03-02T15:47:33.951095+00:00,gpt-4o-mini,3152,895,0.00101,10206.5,data_extraction,success
2026-03-02T16:32:09.941437+00:00,claude-sonnet-4-6,14492,1073,0.059571,9010.3,doc_qa,success
2026-03-02T17:02:25.144029+00:00,claude-haiku-4-5-20251001,22078,1649,0.024258,6556.3,doc_qa,success
2026-03-02T18:35:57.364734+00:00,claude-sonnet-4-6,4982,826,0.027336,4964.5,data_extraction,success
2026-03-02T20:12:08.398121+00:00,claude-haiku-4-5-20251001,12125,4352,0.027108,2375.0,code_review,success
2026-03-02T21:44:16.648990+00:00,gpt-4o-mini,5534,1188,0.001543,9703.5,customer_support_agent,success
2026-03-02T21:49:09.453973+00:00,gpt-4o-mini,4551,450,0.000953,14869.6,data_extraction,success
2026-03-02T23:05:56.207739+00:00,claude-haiku-4-5-20251001,13926,1341,0.016505,989.1,doc_qa,success
2026-03-02T23:57:04.107112+00:00,claude-sonnet-4-6,3455,943,0.02451,4477.9,customer_support_agent,success
2026-03-03T00:19:05.610497+00:00,gpt-4o-mini,2556,1810,0.001469,10939.6,customer_support_agent,success
2026-03-03T00:44:29.156527+00:00,gpt-4o,5204,562,0.01863,8435.9,customer_support_agent,success
2026-03-03T01:10:00.167964+00:00,claude-sonnet-4-6,4198,3520,0.065394,1885.1,doc_qa,success
2026-03-03T03:37:04.965665+00:00,claude-haiku-4-5-20251001,12668,5437,0.031882,5100.1,code_review,success
2026-03-03T04:12:57.229550+00:00,claude-haiku-4-5-20251001,10433,2329,0.017662,7491.7,doc_qa,success
2026-03-03T04:52:40.356557+00:00,claude-haiku-4-5-20251001,2946,723,0.005249,8944.8,customer_support_agent,success
2026-03-03T06:02:14.547991+00:00,claude-sonnet-4-6,3511,1128,0.027453,5716.7,customer_support_agent,success
2026-03-03T06:08:25.235553+00:00,claude-sonnet-4-6,4190,1256,0.03141,14263.6,customer_support_agent,success
2026-03-03T06:24:18.131489+00:00,claude-sonnet-4-6,5120,1699,0.040845,2438.3,customer_support_agent,success
2026-03-03T07:00:34.173192+00:00,gpt-4o,2886,1044,0.017655,9125.8,customer_support_agent,success
2026-03-03T08:07:35.916713+00:00,gpt-4o,569,527,0.006693,6341.0,email_drafting,success
2026-03-03T08:38:55.984891+00:00,claude-haiku-4-5-20251001,3474,974,0.006675,11960.7,data_extraction,success
2026-03-03T08:39:30.639401+00:00,gpt-4o-mini,9642,4824,0.004341,5438.9,code_review,success
2026-03-03T08:42:14.673201+00:00,claude-sonnet-4-6,2992,891,0.022341,5433.1,customer_support_agent,success
2026-03-03T09:50:36.042925+00:00,gpt-4o-mini,8720,2203,0.00263,7887.1,code_review,success
2026-03-03T10:22:15.702759+00:00,gpt-4o-mini,3421,1288,0.001286,2978.4,customer_support_agent,success
2026-03-03T10:38:08.161273+00:00,gpt-4o,670,672,0.008395,13865.4,email_drafting,success
2026-03-03T11:37:43.938329+00:00,gpt-4o,22317,2199,0.077783,2996.0,doc_qa,success
2026-03-03T13:23:55.110088+00:00,claude-haiku-4-5-20251001,4301,1829,0.010757,1715.1,customer_support_agent,success
2026-03-03T13:38:50.823206+00:00,claude-haiku-4-5-20251001,14256,2872,0.022893,2233.3,doc_qa,success
2026-03-03T14:36:15.453469+00:00,claude-haiku-4-5-20251001,2084,359,0.003103,12054.6,email_drafting,success
2026-03-03T14:38:33.879044+00:00,claude-sonnet-4-6,11944,1596,0.059772,11435.2,doc_qa,success
2026-03-03T14:39:45.113965+00:00,claude-sonnet-4-6,23708,2556,0.109464,5295.8,doc_qa,success
2026-03-03T14:41:14.270491+00:00,claude-sonnet-4-6,3100,780,0.021,8569.0,customer_support_agent,success
2026-03-03T14:43:35.484168+00:00,gpt-4o,2115,1096,0.016247,1796.7,customer_support_agent,success
2026-03-03T15:52:06.417773+00:00,gpt-4o-mini,3514,674,0.000932,14120.4,customer_support_agent,success
2026-03-03T16:47:05.829583+00:00,claude-haiku-4-5-20251001,2999,1847,0.009787,12282.6,customer_support_agent,success
2026-03-03T17:29:10.136100+00:00,gpt-4o-mini,4208,1758,0.001686,8168.4,doc_qa,success
2026-03-03T17:54:52.443624+00:00,claude-haiku-4-5-20251001,2923,811,0.005582,2489.5,data_extraction,success
2026-03-03T19:25:38.289368+00:00,gpt-4o-mini,2052,985,0.000899,996.0,customer_support_agent,error
2026-03-03T19:32:21.537833+00:00,gpt-4o-mini,23528,1662,0.004526,8769.1,doc_qa,success
2026-03-03T19:57:27.272492+00:00,claude-sonnet-4-6,39758,3380,0.169974,8312.3,code_review,success
2026-03-03T20:42:25.361722+00:00,gpt-4o-mini,8030,2966,0.002984,12006.6,doc_qa,success
2026-03-03T21:26:56.055491+00:00,gpt-4o,2359,612,0.012018,13792.1,customer_support_agent,success
2026-03-03T21:59:17.783711+00:00,claude-haiku-4-5-20251001,3211,668,0.005241,7192.7,customer_support_agent,success
2026-03-03T22:11:03.611409+00:00,claude-sonnet-4-6,6368,6313,0.113799,4440.3,code_review,success
2026-03-03T22:47:46.616517+00:00,gpt-4o,2592,907,0.01555,11446.7,data_extraction,success
2026-03-04T00:06:05.692847+00:00,claude-haiku-4-5-20251001,17552,1028,0.018154,8846.3,doc_qa,success
2026-03-04T00:46:53.450057+00:00,claude-sonnet-4-6,5574,732,0.027702,2478.3,customer_support_agent,error
2026-03-04T01:44:35.909647+00:00,claude-sonnet-4-6,2601,950,0.022053,9318.8,customer_support_agent,success
2026-03-04T01:50:30.816580+00:00,claude-sonnet-4-6,4152,911,0.026121,3390.0,customer_support_agent,success
2026-03-04T02:28:46.552338+00:00,claude-haiku-4-5-20251001,17419,3911,0.029579,5347.4,doc_qa,success
2026-03-04T02:39:06.269306+00:00,claude-haiku-4-5-20251001,883,515,0.002766,11142.6,email_drafting,success
2026-03-04T02:41:16.073363+00:00,gpt-4o,20677,3150,0.083193,11343.0,doc_qa,success
2026-03-04T02:43:05.147026+00:00,claude-haiku-4-5-20251001,4943,923,0.007646,3949.2,data_extraction,success
2026-03-04T05:09:02.978472+00:00,claude-haiku-4-5-20251001,4176,3915,0.019001,10767.2,doc_qa,success
2026-03-04T07:01:26.256331+00:00,claude-sonnet-4-6,1326,204,0.007038,8276.6,email_drafting,success
2026-03-04T09:33:39.322079+00:00,claude-sonnet-4-6,4418,892,0.026634,5937.4,customer_support_agent,success
2026-03-04T09:37:15.819126+00:00,gpt-4o,4812,737,0.0194,7437.3,customer_support_agent,success
2026-03-04T09:41:19.531218+00:00,gpt-4o-mini,5295,523,0.001108,11169.5,customer_support_agent,success
2026-03-04T09:55:38.420797+00:00,claude-sonnet-4-6,12338,1619,0.061299,1723.5,doc_qa,success
2026-03-04T10:47:56.421137+00:00,gpt-4o-mini,22652,2702,0.005019,9840.1,doc_qa,success
2026-03-04T12:37:20.491585+00:00,gpt-4o,3261,1880,0.026953,9913.0,customer_support_agent,success
2026-03-04T13:08:23.882409+00:00,claude-sonnet-4-6,4877,1146,0.031821,12524.7,customer_support_agent,success
2026-03-04T14:17:08.009698+00:00,claude-sonnet-4-6,5898,695,0.028119,947.3,customer_support_agent,success
2026-03-04T15:06:32.823709+00:00,claude-haiku-4-5-20251001,2143,309,0.00295,1821.6,email_drafting,success
2026-03-04T15:14:50.763142+00:00,gpt-4o-mini,3379,826,0.001002,9770.3,customer_support_agent,success
2026-03-04T15:33:45.614839+00:00,claude-haiku-4-5-20251001,1682,675,0.004046,2006.8,email_drafting,success
2026-03-04T15:38:30.567016+00:00,gpt-4o,15142,6871,0.106565,10300.6,code_review,success
2026-03-04T16:02:16.593900+00:00,claude-haiku-4-5-20251001,4492,2031,0.011718,2642.9,doc_qa,success
2026-03-04T16:10:06.637270+00:00,gpt-4o-mini,642,447,0.000365,2399.4,email_drafting,success
2026-03-04T17:16:28.114699+00:00,gpt-4o-mini,15814,4024,0.004786,14197.2,code_review,success
2026-03-04T17:49:57.527287+00:00,gpt-4o-mini,3435,1649,0.001505,8397.7,customer_support_agent,success
2026-03-04T18:19:04.751294+00:00,claude-haiku-4-5-20251001,30180,7287,0.053292,8393.3,code_review,success
2026-03-04T18:54:48.020348+00:00,gpt-4o,1659,340,0.007548,6706.7,email_drafting,success
2026-03-04T19:09:03.498418+00:00,claude-haiku-4-5-20251001,5433,1273,0.009438,4646.5,customer_support_agent,success
2026-03-04T19:17:55.990178+00:00,claude-sonnet-4-6,17194,1136,0.068622,14903.7,doc_qa,success
2026-03-04T19:31:37.348453+00:00,claude-haiku-4-5-20251001,15953,6855,0.040182,4930.7,code_review,success
2026-03-04T20:11:28.052463+00:00,claude-sonnet-4-6,14454,2189,0.076197,8233.7,doc_qa,success
2026-03-04T20:50:15.212190+00:00,gpt-4o,39691,2920,0.128427,10042.7,code_review,success
2026-03-04T20:52:55.521939+00:00,claude-haiku-4-5-20251001,1939,912,0.005199,3690.8,email_drafting,success
2026-03-04T22:33:03.521380+00:00,gpt-4o,5302,1920,0.032455,13359.1,customer_support_agent,success
2026-03-04T22:48:22.332117+00:00,gpt-4o-mini,5310,1146,0.001484,5581.7,customer_support_agent,success
2026-03-05T00:39:01.292516+00:00,gpt-4o,19106,2637,0.074135,4518.6,doc_qa,success
2026-03-05T00:58:34.116815+00:00,gpt-4o,24462,3171,0.092865,13736.0,doc_qa,success
2026-03-05T02:25:45.193313+00:00,gpt-4o,3469,954,0.018212,5285.1,customer_support_agent,error
2026-03-05T03:33:18.411072+00:00,claude-sonnet-4-6,5778,1984,0.047094,7725.9,customer_support_agent,success
2026-03-05T03:51:24.625301+00:00,gpt-4o,7209,5801,0.076033,1015.7,code_review,success
2026-03-05T04:14:28.295573+00:00,gpt-4o-mini,627,305,0.000277,11362.3,email_drafting,error
2026-03-05T04:59:59.975955+00:00,gpt-4o,20725,1201,0.063823,2211.3,doc_qa,success
2026-03-05T05:06:55.911269+00:00,gpt-4o-mini,30325,2680,0.006157,1382.2,code_review,success
2026-03-05T05:11:24.231870+00:00,claude-sonnet-4-6,3013,1998,0.039009,2367.3,customer_support_agent,success
2026-03-05T07:13:31.705235+00:00,gpt-4o,4568,1525,0.02667,10273.3,customer_support_agent,success
2026-03-05T07:44:02.581894+00:00,gpt-4o,17388,1026,0.05373,7432.9,doc_qa,success
2026-03-05T07:54:09.147821+00:00,gpt-4o-mini,1519,1106,0.000891,11430.9,data_extraction,success
2026-03-05T08:28:21.713522+00:00,claude-sonnet-4-6,1729,649,0.014922,13105.7,data_extraction,success
2026-03-05T08:40:34.277177+00:00,gpt-4o,2013,1767,0.022703,8253.6,customer_support_agent,success
2026-03-05T08:49:02.976900+00:00,gpt-4o,24145,1806,0.078423,5420.2,doc_qa,success
2026-03-05T10:28:59.273180+00:00,claude-haiku-4-5-20251001,2906,635,0.004865,3706.3,customer_support_agent,success
2026-03-05T11:38:35.807505+00:00,gpt-4o,2078,1045,0.015645,11774.3,customer_support_agent,success
2026-03-05T12:04:34.635819+00:00,claude-haiku-4-5-20251001,4814,675,0.006551,825.1,customer_support_agent,success
2026-03-05T12:10:03.953956+00:00,claude-haiku-4-5-20251001,22727,7662,0.04883,4030.0,code_review,success
2026-03-05T12:14:43.007230+00:00,gpt-4o-mini,3231,1256,0.001238,3405.5,customer_support_agent,success
2026-03-05T12:53:46.663660+00:00,gpt-4o-mini,2307,881,0.000875,4366.4,customer_support_agent,error
2026-03-05T12:54:36.203420+00:00,claude-haiku-4-5-20251001,9563,1918,0.015322,4097.0,doc_qa,success
2026-03-05T13:48:16.356370+00:00,claude-haiku-4-5-20251001,23566,7176,0.047557,10447.3,code_review,success
2026-03-05T13:51:58.324261+00:00,gpt-4o-mini,4800,1550,0.00165,12438.7,customer_support_agent,success
2026-03-05T14:09:31.086538+00:00,gpt-4o-mini,20194,2251,0.00438,5218.9,doc_qa,success
2026-03-05T17:09:52.156103+00:00,gpt-4o-mini,2830,640,0.000808,1006.1,data_extraction,success
2026-03-05T17:10:12.144481+00:00,claude-haiku-4-5-20251001,830,317,0.001932,13539.1,email_drafting,success
2026-03-05T19:20:14.420556+00:00,gpt-4o,1408,853,0.01205,12203.5,email_drafting,error
2026-03-05T19:43:43.483776+00:00,claude-sonnet-4-6,6488,2362,0.054894,10468.7,doc_qa,success
2026-03-05T21:30:32.425936+00:00,gpt-4o-mini,16349,6438,0.006315,1650.2,code_review,success
2026-03-06T00:45:07.152370+00:00,claude-sonnet-4-6,858,674,0.012684,10756.1,email_drafting,success
2026-03-06T01:19:32.502645+00:00,gpt-4o,5135,938,0.022218,4045.9,customer_support_agent,success
2026-03-06T02:31:20.295672+00:00,gpt-4o,39229,5475,0.152823,3922.5,code_review,success
2026-03-06T03:29:35.588379+00:00,gpt-4o-mini,7444,1981,0.002305,9860.7,doc_qa,success
2026-03-06T04:15:04.918433+00:00,gpt-4o,3185,1713,0.025092,10490.6,customer_support_agent,success
2026-03-06T04:36:28.115283+00:00,claude-sonnet-4-6,1566,314,0.009408,1421.7,email_drafting,success
2026-03-06T05:40:45.760119+00:00,gpt-4o,2032,359,0.00867,3048.0,data_extraction,success
2026-03-06T05:43:37.547244+00:00,claude-haiku-4-5-20251001,2563,743,0.005022,6731.3,data_extraction,success
2026-03-06T06:25:04.770647+00:00,gpt-4o,5355,752,0.020907,2221.3,customer_support_agent,success
2026-03-06T08:04:03.211120+00:00,claude-sonnet-4-6,2551,646,0.017343,9666.6,customer_support_agent,success
2026-03-06T08:08:25.879160+00:00,gpt-4o-mini,27505,7460,0.008602,10188.5,code_review,success
2026-03-06T08:27:35.920407+00:00,claude-sonnet-4-6,2027,644,0.015741,12666.6,customer_support_agent,success
2026-03-06T09:45:37.188417+00:00,gpt-4o-mini,16305,6264,0.006204,14126.6,code_review,success
2026-03-06T10:17:36.057932+00:00,claude-haiku-4-5-20251001,2314,616,0.004315,910.4,customer_support_agent,success
2026-03-06T10:35:44.367027+00:00,claude-haiku-4-5-20251001,5275,1512,0.010268,1344.9,customer_support_agent,success
2026-03-06T11:00:05.806196+00:00,gpt-4o-mini,4075,1840,0.001715,6441.5,customer_support_agent,success
2026-03-06T11:48:11.872371+00:00,claude-sonnet-4-6,3696,1004,0.026148,3375.0,data_extraction,success
2026-03-06T12:29:15.770169+00:00,gpt-4o,11866,6266,0.092325,7946.3,code_review,success
2026-03-06T13:00:20.327510+00:00,gpt-4o-mini,11401,7676,0.006316,10347.1,code_review,success
2026-03-06T13:21:50.012492+00:00,gpt-4o-mini,38349,6351,0.009563,5775.2,code_review,success
2026-03-06T14:35:57.908402+00:00,claude-sonnet-4-6,14807,2143,0.076566,723.1,doc_qa,success
2026-03-06T16:02:17.791397+00:00,claude-sonnet-4-6,5332,861,0.028911,1938.2,customer_support_agent,success
2026-03-06T16:30:04.965178+00:00,claude-sonnet-4-6,11454,1510,0.057012,8893.6,doc_qa,success
2026-03-06T17:03:58.622141+00:00,gpt-4o-mini,710,323,0.0003,8306.8,email_drafting,success
2026-03-06T17:20:09.232517+00:00,claude-sonnet-4-6,1434,808,0.016422,12444.6,email_drafting,success
2026-03-06T18:42:52.439676+00:00,gpt-4o-mini,17109,6628,0.006543,5666.2,code_review,success
2026-03-06T21:36:42.431285+00:00,gpt-4o,7145,5942,0.077283,2318.5,code_review,success
2026-03-06T21:53:13.388937+00:00,gpt-4o,19706,7604,0.125305,9572.6,code_review,success
2026-03-06T21:54:08.056228+00:00,gpt-4o,5957,1575,0.030642,6437.6,customer_support_agent,success
2026-03-06T21:56:52.729805+00:00,gpt-4o,2866,1572,0.022885,10438.8,customer_support_agent,success
2026-03-06T21:59:41.435037+00:00,gpt-4o,1925,484,0.009652,1094.8,email_drafting,success
2026-03-06T22:26:48.853688+00:00,claude-sonnet-4-6,12821,1448,0.060183,2016.4,doc_qa,error
2026-03-06T22:27:32.453514+00:00,gpt-4o-mini,25075,7182,0.00807,5366.6,code_review,success
2026-03-06T23:40:51.892528+00:00,claude-sonnet-4-6,7138,1779,0.048099,11746.0,doc_qa,success
2026-03-06T23:53:04.545840+00:00,claude-sonnet-4-6,4215,684,0.022905,7567.9,customer_support_agent,success
2026-03-07T00:01:47.474071+00:00,claude-sonnet-4-6,5621,1173,0.034458,14880.6,customer_support_agent,success
2026-03-07T00:21:11.686905+00:00,gpt-4o-mini,1562,566,0.000574,2697.3,email_drafting,success
2026-03-07T01:23:10.277514+00:00,gpt-4o-mini,2370,461,0.000632,10358.9,email_drafting,success
2026-03-07T03:29:35.736303+00:00,gpt-4o,1327,633,0.009647,1208.5,email_drafting,success
2026-03-07T04:45:54.100334+00:00,claude-haiku-4-5-20251001,26950,3825,0.03686,1082.6,code_review,success
2026-03-07T04:50:09.320246+00:00,gpt-4o-mini,4079,1746,0.001659,1829.5,doc_qa,success
2026-03-07T05:39:39.796539+00:00,claude-sonnet-4-6,6016,3147,0.065253,9275.2,doc_qa,success
2026-03-07T05:59:54.606790+00:00,gpt-4o-mini,3959,1477,0.00148,13015.0,customer_support_agent,success
2026-03-07T06:08:52.132864+00:00,claude-haiku-4-5-20251001,37461,7712,0.060817,4395.6,code_review,success
2026-03-07T06:23:08.028752+00:00,gpt-4o,4499,1748,0.028727,11893.3,customer_support_agent,success
2026-03-07T06:32:43.114933+00:00,claude-haiku-4-5-20251001,3944,533,0.005287,7324.1,customer_support_agent,success
2026-03-07T06:49:35.104251+00:00,gpt-4o,4621,1831,0.029863,12352.5,customer_support_agent,success
2026-03-07T07:38:46.575655+00:00,claude-haiku-4-5-20251001,4599,606,0.006103,4272.1,customer_support_agent,success
2026-03-07T11:02:02.425722+00:00,gpt-4o,5480,2208,0.03578,4760.1,doc_qa,success
2026-03-07T12:26:35.697662+00:00,claude-haiku-4-5-20251001,9501,3444,0.021377,5815.9,doc_qa,success
2026-03-07T12:39:31.783683+00:00,claude-haiku-4-5-20251001,3010,1265,0.007468,3879.8,customer_support_agent,success
2026-03-07T13:21:03.829328+00:00,claude-haiku-4-5-20251001,3900,1382,0.008648,3855.4,customer_support_agent,success
2026-03-07T13:33:41.685558+00:00,gpt-4o,19503,3533,0.084087,8695.9,code_review,success
2026-03-07T14:53:57.585252+00:00,claude-haiku-4-5-20251001,22366,7124,0.046389,2401.2,code_review,success
2026-03-07T14:56:00.799198+00:00,gpt-4o-mini,5211,1201,0.001502,12279.1,customer_support_agent,success
2026-03-07T15:22:15.895810+00:00,gpt-4o-mini,4799,680,0.001128,11148.4,customer_support_agent,success
2026-03-07T16:17:07.447707+00:00,gpt-4o,774,232,0.004255,1549.4,email_drafting,success
2026-03-07T17:36:35.323809+00:00,gpt-4o,1611,236,0.006387,3608.8,email_drafting,success
2026-03-07T17:42:26.360882+00:00,gpt-4o-mini,13498,1410,0.002871,14800.2,doc_qa,success
2026-03-07T18:18:20.684792+00:00,gpt-4o,2432,422,0.0103,3175.1,email_drafting,success
2026-03-07T18:45:36.106888+00:00,claude-haiku-4-5-20251001,983,679,0.003502,3979.3,email_drafting,success
2026-03-07T19:25:54.003166+00:00,gpt-4o-mini,5085,788,0.001236,3773.2,customer_support_agent,success
2026-03-07T19:58:05.509793+00:00,claude-haiku-4-5-20251001,5921,1637,0.011285,978.8,customer_support_agent,success
2026-03-07T21:24:11.408825+00:00,claude-haiku-4-5-20251001,1243,271,0.002078,7634.2,email_drafting,success
2026-03-08T00:03:15.669309+00:00,claude-haiku-4-5-20251001,5352,1888,0.011834,9220.0,customer_support_agent,success
2026-03-08T00:51:01.552045+00:00,gpt-4o-mini,2366,894,0.000891,2569.0,customer_support_agent,success
2026-03-08T01:03:22.226878+00:00,claude-sonnet-4-6,4513,1931,0.042504,14597.8,customer_support_agent,success
2026-03-08T01:35:02.613992+00:00,gpt-4o,9779,3276,0.057207,3940.0,doc_qa,success
2026-03-08T04:01:38.275158+00:00,gpt-4o,4815,1848,0.030517,4932.9,customer_support_agent,success
2026-03-08T05:02:50.001627+00:00,gpt-4o-mini,2268,1039,0.000964,2364.2,data_extraction,success
2026-03-08T05:18:14.183783+00:00,claude-sonnet-4-6,12724,1738,0.064242,5047.4,doc_qa,success
2026-03-08T05:24:24.671714+00:00,claude-sonnet-4-6,840,605,0.011595,3207.4,email_drafting,success
2026-03-08T05:57:26.820751+00:00,gpt-4o-mini,35663,7377,0.009776,13128.0,code_review,success
2026-03-08T06:30:18.597575+00:00,gpt-4o-mini,23165,2787,0.005147,13229.6,doc_qa,success
2026-03-08T06:46:30.883671+00:00,claude-sonnet-4-6,1307,386,0.009711,14459.7,email_drafting,success
2026-03-08T06:53:05.859965+00:00,claude-haiku-4-5-20251001,29098,7746,0.054262,1480.5,code_review,success
2026-03-08T07:14:24.699726+00:00,claude-haiku-4-5-20251001,3508,781,0.00593,8766.1,data_extraction,success
2026-03-08T07:40:35.553448+00:00,claude-haiku-4-5-20251001,29686,5475,0.045649,11901.8,code_review,success
2026-03-08T08:21:17.774349+00:00,gpt-4o-mini,5650,1956,0.002021,14452.6,customer_support_agent,success
2026-03-08T08:38:56.052947+00:00,claude-sonnet-4-6,4902,1224,0.033066,8936.4,data_extraction,success
2026-03-08T10:35:36.196140+00:00,gpt-4o,7440,2925,0.04785,14326.2,doc_qa,success
2026-03-08T11:43:54.926296+00:00,claude-sonnet-4-6,2122,268,0.010386,1242.5,email_drafting,success
2026-03-08T12:43:05.263269+00:00,gpt-4o-mini,23465,1268,0.004281,8282.3,doc_qa,success
2026-03-08T12:52:50.585700+00:00,claude-haiku-4-5-20251001,16412,3883,0.028662,6858.6,doc_qa,success
2026-03-08T13:27:38.513992+00:00,claude-haiku-4-5-20251001,3896,692,0.005885,8875.6,customer_support_agent,success
2026-03-08T14:04:42.364517+00:00,gpt-4o-mini,5602,1718,0.001871,3247.8,customer_support_agent,success
2026-03-08T15:26:30.911295+00:00,gpt-4o-mini,4756,1763,0.001771,3407.0,customer_support_agent,success
2026-03-08T15:44:18.514924+00:00,claude-sonnet-4-6,2185,362,0.011985,2359.5,email_drafting,success
2026-03-08T16:05:41.380902+00:00,gpt-4o,4058,2285,0.032995,10817.5,doc_qa,success
2026-03-08T16:25:29.423473+00:00,claude-haiku-4-5-20251001,10196,7027,0.036265,3470.3,code_review,success
2026-03-08T17:14:57.665612+00:00,claude-haiku-4-5-20251001,2402,1079,0.006238,5250.0,customer_support_agent,success
2026-03-08T17:34:42.423791+00:00,claude-haiku-4-5-20251001,5262,1085,0.00855,6099.0,customer_support_agent,success
2026-03-08T18:02:04.827679+00:00,claude-haiku-4-5-20251001,3328,1504,0.008678,14877.1,customer_support_agent,success
2026-03-08T18:03:30.912586+00:00,claude-sonnet-4-6,17551,3796,0.109593,8016.1,doc_qa,success
2026-03-08T18:13:10.873096+00:00,gpt-4o-mini,22036,4330,0.005903,7282.0,code_review,success
2026-03-08T18:27:44.416855+00:00,gpt-4o,3252,1627,0.0244,11790.9,customer_support_agent,success
2026-03-08T19:27:45.045784+00:00,claude-sonnet-4-6,28192,7194,0.192486,9809.5,code_review,success
2026-03-08T21:18:23.783034+00:00,gpt-4o-mini,13659,3007,0.003853,10617.1,doc_qa,success
2026-03-08T21:40:46.406110+00:00,gpt-4o,2282,941,0.015115,11902.2,email_drafting,success
2026-03-08T21:59:09.494191+00:00,gpt-4o-mini,1715,1380,0.001085,8356.8,data_extraction,success
2026-03-08T22:48:33.479397+00:00,claude-haiku-4-5-20251001,2217,1429,0.00749,12612.1,customer_support_agent,success
2026-03-08T23:15:59.210094+00:00,claude-sonnet-4-6,5694,1044,0.032742,1796.7,customer_support_agent,success
2026-03-08T23:33:57.682805+00:00,claude-sonnet-4-6,2161,1615,0.030708,5016.7,customer_support_agent,success
2026-03-09T00:10:12.577089+00:00,gpt-4o,23804,1546,0.07497,7655.8,doc_qa,success
2026-03-09T01:02:40.676290+00:00,claude-sonnet-4-6,23907,7957,0.191076,4251.0,code_review,success
2026-03-09T01:26:11.426500+00:00,gpt-4o,29990,4881,0.123785,10179.0,code_review,success
2026-03-09T01:40:32.714316+00:00,gpt-4o-mini,1822,615,0.000642,14911.7,email_drafting,success
2026-03-09T01:47:42.993579+00:00,claude-sonnet-4-6,3410,763,0.021675,4710.0,customer_support_agent,success
2026-03-09T01:54:51.319543+00:00,claude-haiku-4-5-20251001,10928,1522,0.01483,7593.6,doc_qa,success
2026-03-09T02:16:39.075284+00:00,claude-haiku-4-5-20251001,11574,3738,0.024211,1144.7,doc_qa,success
2026-03-09T02:25:34.452289+00:00,claude-sonnet-4-6,2561,1576,0.031323,14129.5,customer_support_agent,success
2026-03-09T04:06:56.828680+00:00,gpt-4o,4206,738,0.017895,704.9,customer_support_agent,success
2026-03-09T04:50:34.909262+00:00,claude-haiku-4-5-20251001,17205,1480,0.019684,1928.7,doc_qa,success
2026-03-09T05:09:57.500702+00:00,gpt-4o-mini,16174,3749,0.004675,11759.8,doc_qa,success
2026-03-09T05:10:45.901655+00:00,claude-sonnet-4-6,15052,7515,0.157881,11840.9,code_review,success
2026-03-09T05:58:00.054539+00:00,gpt-4o-mini,2597,363,0.000607,2348.0,data_extraction,success
2026-03-09T07:42:36.017384+00:00,claude-haiku-4-5-20251001,26964,6467,0.047439,7367.4,code_review,success
2026-03-09T08:00:10.764906+00:00,claude-sonnet-4-6,4503,1338,0.033579,4725.6,data_extraction,success
2026-03-09T08:21:48.525002+00:00,claude-haiku-4-5-20251001,3672,1003,0.00695,1781.6,customer_support_agent,error
2026-03-09T08:34:58.188075+00:00,claude-sonnet-4-6,10990,3562,0.0864,11953.1,doc_qa,success
2026-03-09T13:08:48.462204+00:00,gpt-4o,1484,512,0.00883,12984.1,email_drafting,success
2026-03-09T14:01:31.141362+00:00,gpt-4o,2406,506,0.011075,9818.6,customer_support_agent,success
2026-03-09T14:12:42.054166+00:00,gpt-4o-mini,24428,1887,0.004796,4816.1,doc_qa,success
2026-03-09T14:13:51.948833+00:00,claude-sonnet-4-6,5427,1743,0.042426,2746.1,customer_support_agent,success
2026-03-09T14:29:00.904371+00:00,claude-sonnet-4-6,5193,1169,0.033114,5999.9,customer_support_agent,success
2026-03-09T15:50:54.982176+00:00,gpt-4o,8600,2921,0.05071,12482.4,code_review,success
2026-03-09T16:24:48.382739+00:00,gpt-4o-mini,5141,1749,0.001821,11932.8,customer_support_agent,success
2026-03-09T16:44:11.807767+00:00,claude-haiku-4-5-20251001,23713,2180,0.02769,13001.5,code_review,success
2026-03-09T17:16:17.526840+00:00,claude-haiku-4-5-20251001,5366,869,0.007769,1750.9,customer_support_agent,error
2026-03-09T18:09:05.871791+00:00,claude-sonnet-4-6,4118,603,0.021399,11716.9,customer_support_agent,error
2026-03-09T18:14:48.877621+00:00,gpt-4o-mini,4774,405,0.000959,1084.0,data_extraction,success
2026-03-09T20:40:14.064933+00:00,claude-sonnet-4-6,4719,508,0.021777,3002.7,customer_support_agent,success
2026-03-09T21:19:03.838176+00:00,gpt-4o,5689,1732,0.031543,3516.8,customer_support_agent,success
2026-03-09T22:00:08.154805+00:00,claude-haiku-4-5-20251001,33923,5413,0.04879,7497.7,code_review,success
2026-03-10T01:41:43.952549+00:00,claude-haiku-4-5-20251001,4962,1337,0.009318,2817.8,customer_support_agent,success
2026-03-10T02:09:21.136212+00:00,gpt-4o-mini,30477,6553,0.008503,11060.6,code_review,success
2026-03-10T02:11:13.787827+00:00,gpt-4o-mini,2079,1334,0.001112,6586.8,customer_support_agent,success
2026-03-10T02:22:18.964540+00:00,claude-sonnet-4-6,1084,382,0.008982,7115.6,email_drafting,success
2026-03-10T04:27:00.744711+00:00,claude-sonnet-4-6,5535,631,0.02607,5690.9,customer_support_agent,success
2026-03-10T07:07:04.823906+00:00,gpt-4o,1293,312,0.006353,2113.2,email_drafting,success
2026-03-10T07:26:22.060869+00:00,claude-haiku-4-5-20251001,29338,5128,0.043982,3064.0,code_review,success
2026-03-10T08:08:25.839098+00:00,claude-sonnet-4-6,39403,4191,0.181074,5444.8,code_review,error
2026-03-10T09:29:21.251556+00:00,gpt-4o-mini,26205,5330,0.007129,572.7,code_review,success
2026-03-10T09:48:38.222420+00:00,gpt-4o-mini,5791,1386,0.0017,10835.8,customer_support_agent,success
2026-03-10T10:56:33.288197+00:00,claude-sonnet-4-6,27903,7267,0.192714,1350.6,code_review,success
2026-03-10T11:32:35.683245+00:00,claude-sonnet-4-6,22706,2281,0.102333,14013.6,doc_qa,success
2026-03-10T14:15:57.413369+00:00,gpt-4o-mini,5788,1381,0.001697,8142.5,customer_support_agent,success
2026-03-10T14:19:06.302155+00:00,gpt-4o-mini,6671,2317,0.002391,6361.7,doc_qa,success
2026-03-10T14:31:09.113539+00:00,gpt-4o-mini,3961,1984,0.001785,11620.5,customer_support_agent,success
2026-03-10T14:49:47.989142+00:00,claude-sonnet-4-6,17634,6091,0.144267,4030.4,code_review,success
2026-03-10T16:01:41.588856+00:00,claude-haiku-4-5-20251001,10402,3001,0.020326,1059.3,doc_qa,success
2026-03-10T16:36:12.078819+00:00,claude-sonnet-4-6,26714,5741,0.166257,12937.7,code_review,success
2026-03-10T16:43:37.240006+00:00,gpt-4o,22343,3406,0.089917,4767.1,doc_qa,success
2026-03-10T16:57:36.332723+00:00,gpt-4o,4131,1319,0.023518,2886.3,customer_support_agent,success
2026-03-10T17:59:12.039477+00:00,gpt-4o-mini,28877,2937,0.006094,9107.6,code_review,success
2026-03-10T20:19:49.046393+00:00,claude-haiku-4-5-20251001,15875,6105,0.03712,9986.2,code_review,success
2026-03-10T22:51:23.463237+00:00,claude-sonnet-4-6,4046,995,0.027063,7504.0,customer_support_agent,success
2026-03-10T22:59:00.684044+00:00,claude-sonnet-4-6,4076,1021,0.027543,1389.2,customer_support_agent,success
2026-03-11T00:50:17.505740+00:00,claude-sonnet-4-6,15315,4968,0.120465,12229.5,code_review,error
2026-03-11T01:36:41.473853+00:00,gpt-4o-mini,4782,1718,0.001748,9710.9,customer_support_agent,success
2026-03-11T01:51:33.012774+00:00,claude-haiku-4-5-20251001,2400,1095,0.0063,2107.6,customer_support_agent,success
2026-03-11T02:25:58.185659+00:00,gpt-4o-mini,6202,2961,0.002707,13879.6,code_review,success
2026-03-11T02:33:00.774690+00:00,claude-sonnet-4-6,23178,3396,0.120474,723.9,doc_qa,success
2026-03-11T02:42:19.226539+00:00,gpt-4o,21105,1769,0.070453,10926.8,doc_qa,success
2026-03-11T03:03:26.307952+00:00,claude-haiku-4-5-20251001,13344,3074,0.022971,10572.9,doc_qa,success
2026-03-11T03:40:23.990784+00:00,gpt-4o-mini,2841,1573,0.00137,4152.7,customer_support_agent,success
2026-03-11T04:20:31.177864+00:00,claude-sonnet-4-6,3988,1621,0.036279,4241.4,customer_support_agent,success
2026-03-11T05:24:21.258812+00:00,claude-haiku-4-5-20251001,38635,4413,0.04856,8196.4,code_review,success
2026-03-11T05:37:54.726965+00:00,gpt-4o,5742,1757,0.031925,9650.4,customer_support_agent,success
2026-03-11T06:04:45.141483+00:00,gpt-4o-mini,5441,2907,0.00256,11558.8,doc_qa,success
2026-03-11T06:15:25.491208+00:00,claude-sonnet-4-6,4941,1328,0.034743,10474.3,doc_qa,success
2026-03-11T06:29:51.935837+00:00,claude-sonnet-4-6,2534,1039,0.023187,901.3,customer_support_agent,success
2026-03-11T06:54:12.838749+00:00,gpt-4o,4636,631,0.0179,11630.7,customer_support_agent,success
2026-03-11T07:17:16.861622+00:00,claude-haiku-4-5-20251001,4060,1321,0.008532,13210.5,customer_support_agent,error
2026-03-11T07:30:25.535482+00:00,claude-sonnet-4-6,4249,548,0.020967,5492.5,data_extraction,success
2026-03-11T08:31:39.622709+00:00,claude-haiku-4-5-20251001,36199,2586,0.039303,12915.8,code_review,success
2026-03-11T08:37:57.877788+00:00,gpt-4o-mini,15298,3640,0.004479,14093.7,doc_qa,success
2026-03-11T08:53:32.019801+00:00,claude-sonnet-4-6,9122,3086,0.073656,7256.4,code_review,success
2026-03-11T10:11:21.606005+00:00,gpt-4o-mini,19025,6177,0.00656,6174.7,code_review,success
2026-03-11T11:53:47.249574+00:00,claude-haiku-4-5-20251001,18758,2181,0.02373,1526.2,doc_qa,error
2026-03-11T12:20:47.391006+00:00,claude-sonnet-4-6,643,319,0.006714,8167.1,email_drafting,success
2026-03-11T13:12:01.057234+00:00,gpt-4o-mini,3763,1158,0.001259,6449.7,data_extraction,success
2026-03-11T13:38:17.877888+00:00,gpt-4o,2094,1750,0.022735,4625.7,customer_support_agent,success
2026-03-11T13:59:46.652028+00:00,gpt-4o-mini,9517,1528,0.002344,3818.3,doc_qa,success
2026-03-11T14:20:25.275004+00:00,gpt-4o-mini,2444,1033,0.000986,564.0,customer_support_agent,success
2026-03-11T15:03:18.370342+00:00,claude-sonnet-4-6,2154,946,0.020652,12701.4,customer_support_agent,success
2026-03-11T16:07:14.345451+00:00,claude-sonnet-4-6,17421,6212,0.145443,10301.8,code_review,success
2026-03-11T16:12:43.725892+00:00,claude-haiku-4-5-20251001,2537,1031,0.006154,2428.4,data_extraction,success
2026-03-11T16:44:55.666394+00:00,gpt-4o,5909,1794,0.032713,4035.9,customer_support_agent,success
2026-03-11T17:03:44.334402+00:00,claude-sonnet-4-6,2135,1186,0.024195,13170.6,customer_support_agent,success
2026-03-11T17:18:15.858331+00:00,gpt-4o-mini,7789,2870,0.00289,6363.5,doc_qa,success
2026-03-11T18:16:09.472941+00:00,claude-sonnet-4-6,13724,1145,0.058347,12093.4,doc_qa,success
2026-03-11T18:47:34.721135+00:00,gpt-4o,3339,1106,0.019408,5443.5,customer_support_agent,success
2026-03-11T20:02:09.976758+00:00,gpt-4o-mini,16534,3684,0.004691,3698.8,doc_qa,success
2026-03-11T20:10:02.034679+00:00,gpt-4o,2819,616,0.013208,9118.5,customer_support_agent,success
2026-03-11T20:38:44.514202+00:00,claude-haiku-4-5-20251001,29888,5017,0.043978,7639.1,code_review,success
2026-03-11T21:10:21.303795+00:00,gpt-4o,20130,5566,0.105985,8780.3,code_review,error
2026-03-11T21:24:43.330176+00:00,gpt-4o-mini,2477,1394,0.001208,1425.0,data_extraction,success
2026-03-11T23:17:11.199246+00:00,gpt-4o-mini,3987,871,0.001121,7904.7,customer_support_agent,success
2026-03-11T23:18:12.207339+00:00,gpt-4o-mini,4681,568,0.001043,2257.9,customer_support_agent,success
2026-03-11T23:19:15.811859+00:00,claude-sonnet-4-6,5939,2967,0.062322,10496.3,doc_qa,success
2026-03-11T23:47:50.247966+00:00,gpt-4o,5766,667,0.021085,4184.3,customer_support_agent,success
2026-03-12T01:21:12.159754+00:00,claude-sonnet-4-6,5779,709,0.027972,937.0,customer_support_agent,success
2026-03-12T02:59:50.214987+00:00,claude-sonnet-4-6,6017,7740,0.134151,8699.2,code_review,success
2026-03-12T03:12:22.912554+00:00,claude-haiku-4-5-20251001,546,781,0.003561,2419.6,email_drafting,success
2026-03-12T03:27:33.106152+00:00,gpt-4o,16149,3933,0.079702,5092.6,doc_qa,success
2026-03-12T03:30:25.044545+00:00,gpt-4o,13962,1351,0.048415,8327.2,doc_qa,success
2026-03-12T04:35:20.030396+00:00,claude-sonnet-4-6,26774,6585,0.179097,9991.3,code_review,success
2026-03-12T04:37:34.048612+00:00,gpt-4o-mini,5153,630,0.001151,3188.5,customer_support_agent,success
2026-03-12T04:43:46.888421+00:00,gpt-4o-mini,2035,948,0.000874,8945.6,email_drafting,success
2026-03-12T04:55:11.555418+00:00,claude-haiku-4-5-20251001,5471,1406,0.010001,14769.2,customer_support_agent,success
2026-03-12T06:16:40.954711+00:00,claude-sonnet-4-6,4801,562,0.022833,9952.5,customer_support_agent,success
2026-03-12T06:37:01.852743+00:00,claude-sonnet-4-6,23226,1820,0.096978,4368.5,doc_qa,success
2026-03-12T07:02:17.191246+00:00,claude-haiku-4-5-20251001,23197,2178,0.02727,1761.6,doc_qa,success
2026-03-12T08:59:08.033133+00:00,claude-haiku-4-5-20251001,537,819,0.003706,14173.8,email_drafting,success
2026-03-12T09:26:27.963884+00:00,claude-sonnet-4-6,24856,1762,0.100998,2006.1,doc_qa,success
2026-03-12T09:33:47.463524+00:00,claude-haiku-4-5-20251001,1878,246,0.002486,10643.0,email_drafting,success
2026-03-12T09:46:21.810432+00:00,gpt-4o-mini,28635,3273,0.006259,10182.0,code_review,success
2026-03-12T09:58:09.896042+00:00,claude-sonnet-4-6,12019,1034,0.051567,6164.7,doc_qa,success
2026-03-12T10:05:09.860208+00:00,claude-sonnet-4-6,2166,656,0.016338,11441.6,email_drafting,success
2026-03-12T11:06:06.274311+00:00,claude-sonnet-4-6,4189,528,0.020487,1808.1,customer_support_agent,success
2026-03-12T13:14:48.196119+00:00,gpt-4o,9410,3786,0.061385,2837.7,doc_qa,success
2026-03-12T13:44:39.016193+00:00,claude-haiku-4-5-20251001,2359,675,0.004587,2048.6,email_drafting,success
2026-03-12T14:20:47.008385+00:00,claude-sonnet-4-6,608,429,0.008259,2234.0,email_drafting,success
2026-03-12T14:34:25.129772+00:00,claude-sonnet-4-6,10671,1068,0.048033,13196.3,doc_qa,success
2026-03-12T15:54:38.297873+00:00,claude-haiku-4-5-20251001,10621,3852,0.023905,6508.6,doc_qa,success
2026-03-12T16:33:32.968159+00:00,claude-sonnet-4-6,5771,558,0.025683,12885.8,customer_support_agent,success
2026-03-12T17:51:56.817513+00:00,gpt-4o,854,802,0.010155,2280.0,email_drafting,success
2026-03-12T17:52:38.621607+00:00,gpt-4o,2256,966,0.0153,12637.3,customer_support_agent,success
2026-03-12T18:04:23.439629+00:00,claude-sonnet-4-6,36352,7493,0.221451,10685.0,code_review,success
2026-03-12T18:57:06.590117+00:00,claude-haiku-4-5-20251001,39894,7727,0.062823,13507.2,code_review,success
2026-03-12T19:39:58.114282+00:00,claude-sonnet-4-6,1978,657,0.015789,855.0,email_drafting,success
2026-03-12T21:09:29.895585+00:00,claude-haiku-4-5-20251001,2204,805,0.004983,10653.4,email_drafting,success
2026-03-12T22:06:36.798992+00:00,claude-sonnet-4-6,13866,1032,0.057078,3733.5,doc_qa,success
2026-03-12T22:08:10.782163+00:00,claude-sonnet-4-6,4828,1853,0.042279,14960.9,customer_support_agent,success
2026-03-13T00:21:47.389886+00:00,gpt-4o,2110,1983,0.025105,1059.6,customer_support_agent,success
2026-03-13T01:20:54.959096+00:00,gpt-4o-mini,7210,2899,0.002821,8184.0,doc_qa,success
2026-03-13T02:35:06.646799+00:00,gpt-4o,24771,1212,0.074048,12907.1,doc_qa,error
2026-03-13T02:48:48.239964+00:00,claude-haiku-4-5-20251001,4598,2984,0.015614,14062.1,doc_qa,success
2026-03-13T04:28:17.100952+00:00,claude-haiku-4-5-20251001,1357,238,0.002038,14555.7,email_drafting,error
2026-03-13T06:43:05.669243+00:00,gpt-4o,4925,1767,0.029982,8512.1,customer_support_agent,error
2026-03-13T06:52:58.864776+00:00,gpt-4o,680,310,0.0048,986.7,email_drafting,success
2026-03-13T07:13:40.186558+00:00,gpt-4o-mini,16302,3546,0.004573,10511.4,doc_qa,success
2026-03-13T07:50:38.087369+00:00,gpt-4o-mini,25238,3206,0.005709,12787.0,code_review,success
2026-03-13T07:56:41.014809+00:00,gpt-4o-mini,1073,893,0.000697,5259.9,email_drafting,success
2026-03-13T08:39:43.126668+00:00,gpt-4o,3322,1256,0.020865,1394.3,data_extraction,success
2026-03-13T09:08:38.172491+00:00,claude-sonnet-4-6,1136,683,0.013653,13713.5,email_drafting,success
2026-03-13T09:40:10.999770+00:00,claude-haiku-4-5-20251001,1919,385,0.003075,8376.4,email_drafting,success
2026-03-13T10:00:40.413459+00:00,gpt-4o-mini,4333,1482,0.001539,10671.9,customer_support_agent,success
2026-03-13T10:09:10.064059+00:00,gpt-4o-mini,6840,1303,0.001808,4164.1,doc_qa,success
2026-03-13T10:54:20.137277+00:00,claude-haiku-4-5-20251001,30683,3930,0.040266,4199.3,code_review,success
2026-03-13T11:32:00.056487+00:00,gpt-4o-mini,34230,5761,0.008591,4189.5,code_review,success
2026-03-13T12:10:08.156520+00:00,claude-haiku-4-5-20251001,9929,2750,0.018943,4873.2,doc_qa,success
2026-03-13T12:36:17.842992+00:00,claude-haiku-4-5-20251001,5798,1614,0.011094,13335.0,customer_support_agent,success
2026-03-13T13:18:30.860253+00:00,claude-sonnet-4-6,13803,4718,0.112179,1256.0,code_review,success
2026-03-13T15:13:05.075275+00:00,gpt-4o,2776,1750,0.02444,10397.1,customer_support_agent,success
2026-03-13T15:19:38.129941+00:00,gpt-4o-mini,5253,1004,0.00139,11820.0,customer_support_agent,success
2026-03-13T16:13:24.287310+00:00,claude-sonnet-4-6,2091,662,0.016203,13064.8,email_drafting,success
2026-03-13T16:14:13.230631+00:00,gpt-4o,4663,1223,0.023887,14536.8,customer_support_agent,success
2026-03-13T16:43:13.447518+00:00,gpt-4o-mini,1567,352,0.000446,8419.7,email_drafting,success
2026-03-13T17:45:48.621118+00:00,claude-sonnet-4-6,2784,1215,0.026577,12014.2,data_extraction,success
2026-03-13T18:50:57.057587+00:00,claude-haiku-4-5-20251001,27236,7336,0.051133,14413.8,code_review,success
2026-03-13T20:32:16.294684+00:00,claude-sonnet-4-6,20591,2367,0.097278,14666.8,doc_qa,success
2026-03-13T21:40:53.463322+00:00,gpt-4o-mini,15376,2479,0.003794,6920.9,doc_qa,success
2026-03-13T22:15:08.061703+00:00,gpt-4o-mini,6737,3507,0.003115,7663.9,code_review,success
2026-03-13T22:57:30.242536+00:00,claude-sonnet-4-6,39022,3387,0.167871,2985.8,code_review,success
2026-03-13T23:07:24.449872+00:00,claude-haiku-4-5-20251001,24768,2306,0.029038,14223.3,doc_qa,success
2026-03-13T23:09:32.732212+00:00,gpt-4o,3927,1032,0.020137,8920.0,customer_support_agent,success
2026-03-13T23:30:23.242052+00:00,claude-sonnet-4-6,3085,1208,0.027375,8072.5,data_extraction,error
2026-03-14T01:01:41.413122+00:00,claude-haiku-4-5-20251001,1541,656,0.003857,13769.7,email_drafting,success
2026-03-14T02:06:59.788630+00:00,gpt-4o-mini,1765,591,0.000619,2436.5,email_drafting,success
2026-03-14T02:19:50.754626+00:00,gpt-4o,10545,3677,0.063133,1468.0,doc_qa,success
2026-03-14T04:36:51.826692+00:00,gpt-4o,5225,3939,0.052452,13494.7,doc_qa,error
2026-03-14T04:37:09.250983+00:00,gpt-4o,7618,1099,0.030035,12535.1,doc_qa,success
2026-03-14T05:00:26.648714+00:00,gpt-4o,3325,1923,0.027543,11623.6,customer_support_agent,success
2026-03-14T05:05:19.762606+00:00,gpt-4o,9434,2253,0.046115,3149.2,code_review,success
2026-03-14T05:15:00.941188+00:00,claude-sonnet-4-6,9452,2817,0.070611,13666.5,doc_qa,success
2026-03-14T06:19:46.410489+00:00,claude-sonnet-4-6,783,857,0.015204,10938.8,email_drafting,success
2026-03-14T07:31:57.546502+00:00,gpt-4o-mini,2973,1630,0.001424,14600.1,customer_support_agent,success
2026-03-14T08:09:33.621381+00:00,gpt-4o,2365,691,0.012822,5874.7,email_drafting,success
2026-03-14T08:15:16.353769+00:00,gpt-4o-mini,9617,3531,0.003561,2553.3,doc_qa,success
2026-03-14T12:40:38.184295+00:00,claude-sonnet-4-6,3998,1688,0.037314,4386.0,customer_support_agent,success
2026-03-14T12:45:36.654385+00:00,gpt-4o-mini,5501,1712,0.001852,7804.1,customer_support_agent,success
2026-03-14T13:13:02.110483+00:00,claude-sonnet-4-6,36223,3780,0.165369,3289.4,code_review,success
2026-03-14T13:24:57.207023+00:00,gpt-4o,4762,768,0.019585,4057.2,customer_support_agent,success
2026-03-14T13:30:48.656313+00:00,gpt-4o,3414,425,0.012785,9191.7,data_extraction,success
2026-03-14T13:41:59.539975+00:00,gpt-4o,4580,1226,0.02371,13693.8,customer_support_agent,success
2026-03-14T13:58:31.204280+00:00,gpt-4o-mini,12394,1271,0.002622,6078.7,doc_qa,success
2026-03-14T14:16:34.899792+00:00,gpt-4o-mini,3781,1424,0.001422,11177.1,data_extraction,success
2026-03-14T15:17:24.693863+00:00,claude-haiku-4-5-20251001,9449,6428,0.033271,1698.1,code_review,success
2026-03-14T15:35:21.381979+00:00,claude-haiku-4-5-20251001,4280,1091,0.007788,2904.6,customer_support_agent,success
2026-03-14T15:57:09.376902+00:00,gpt-4o-mini,19989,2158,0.004293,8119.5,doc_qa,error
2026-03-14T16:23:33.593502+00:00,claude-haiku-4-5-20251001,2334,1517,0.007935,12122.2,customer_support_agent,success
2026-03-14T17:08:45.760821+00:00,claude-sonnet-4-6,14539,2087,0.074922,8412.6,doc_qa,success
2026-03-14T17:39:28.051396+00:00,claude-sonnet-4-6,813,758,0.013809,4669.4,email_drafting,success
2026-03-14T22:28:29.767779+00:00,gpt-4o-mini,2296,622,0.000718,14735.8,email_drafting,success
2026-03-14T23:43:35.662720+00:00,claude-sonnet-4-6,2481,1525,0.030318,13380.1,customer_support_agent,success
2026-03-15T00:10:00.887671+00:00,gpt-4o,24460,3958,0.10073,12450.1,doc_qa,success
2026-03-15T00:10:27.709032+00:00,claude-sonnet-4-6,5007,1312,0.034701,13682.7,customer_support_agent,success
2026-03-15T01:16:54.270549+00:00,gpt-4o-mini,22254,3928,0.005695,11058.9,doc_qa,success
2026-03-15T01:18:19.247312+00:00,gpt-4o-mini,804,661,0.000517,4608.3,email_drafting,error
2026-03-15T01:57:27.217162+00:00,gpt-4o-mini,4999,1073,0.001394,2559.6,data_extraction,success
2026-03-15T01:59:22.677362+00:00,gpt-4o,24393,3243,0.093413,3363.3,code_review,success
2026-03-15T02:00:15.171710+00:00,gpt-4o-mini,39159,2127,0.00715,2920.6,code_review,success
2026-03-15T02:07:47.169143+00:00,gpt-4o-mini,1512,1182,0.000936,13629.2,data_extraction,success
2026-03-15T03:20:07.825995+00:00,gpt-4o,5901,3450,0.049253,11908.4,doc_qa,success
2026-03-15T04:03:54.082002+00:00,gpt-4o,28374,6710,0.138035,8224.8,code_review,success
2026-03-15T04:30:11.929689+00:00,claude-haiku-4-5-20251001,5744,1653,0.011207,9793.8,customer_support_agent,success
2026-03-15T04:30:39.364765+00:00,claude-sonnet-4-6,4706,1456,0.035958,8648.6,customer_support_agent,success
2026-03-15T05:01:14.980394+00:00,gpt-4o-mini,4882,773,0.001196,13849.6,data_extraction,success
2026-03-15T06:09:53.110970+00:00,gpt-4o-mini,4604,1355,0.001504,14429.3,customer_support_agent,success
2026-03-15T06:14:14.879354+00:00,claude-haiku-4-5-20251001,10529,1566,0.014687,3788.4,doc_qa,success
2026-03-15T07:29:53.445465+00:00,gpt-4o-mini,7385,1756,0.002161,5969.2,doc_qa,error
2026-03-15T08:44:35.612535+00:00,claude-sonnet-4-6,1696,479,0.012273,10234.7,email_drafting,success
2026-03-15T10:04:33.391819+00:00,gpt-4o-mini,4568,1740,0.001729,9348.4,customer_support_agent,success
2026-03-15T10:58:59.576949+00:00,gpt-4o,20392,2461,0.07559,2097.1,doc_qa,success
2026-03-15T11:16:55.498940+00:00,claude-sonnet-4-6,12760,6320,0.13308,6605.6,code_review,success
2026-03-15T14:42:14.248593+00:00,claude-haiku-4-5-20251001,2445,1084,0.006292,10985.8,customer_support_agent,success
2026-03-15T14:55:30.014812+00:00,claude-haiku-4-5-20251001,4818,1511,0.009898,4261.9,customer_support_agent,success
2026-03-15T15:18:34.373605+00:00,gpt-4o,3948,1134,0.02121,2594.3,customer_support_agent,success
2026-03-15T15:36:23.129123+00:00,gpt-4o,4722,1547,0.027275,6018.5,customer_support_agent,success
2026-03-15T17:20:00.248283+00:00,gpt-4o-mini,37368,6314,0.009394,11525.9,code_review,success
2026-03-15T17:30:33.758785+00:00,gpt-4o,1181,860,0.011553,1112.4,email_drafting,success
2026-03-15T17:32:17.696049+00:00,gpt-4o,4412,1987,0.0309,9530.2,customer_support_agent,success
2026-03-15T17:32:17.902741+00:00,claude-haiku-4-5-20251001,22681,4107,0.034573,13431.8,code_review,success
2026-03-15T19:01:35.041957+00:00,gpt-4o-mini,24200,3612,0.005797,10310.8,doc_qa,success
2026-03-15T19:35:02.530638+00:00,claude-haiku-4-5-20251001,2078,924,0.005358,6431.5,email_drafting,success
2026-03-15T21:03:42.375842+00:00,claude-sonnet-4-6,9377,2022,0.058461,1261.5,doc_qa,error
2026-03-15T21:55:29.312177+00:00,gpt-4o-mini,4844,731,0.001165,11602.5,customer_support_agent,success
2026-03-15T22:40:27.671667+00:00,claude-sonnet-4-6,33307,5437,0.181476,14666.3,code_review,success
2026-03-16T00:05:44.640973+00:00,gpt-4o,4347,531,0.016178,9235.8,customer_support_agent,success
2026-03-16T01:06:48.242236+00:00,claude-haiku-4-5-20251001,4081,1380,0.008785,14584.8,customer_support_agent,success
2026-03-16T01:45:07.072694+00:00,gpt-4o,5896,1337,0.02811,12758.3,customer_support_agent,success
2026-03-16T02:02:20.860273+00:00,claude-sonnet-4-6,38064,7852,0.231972,4601.5,code_review,success
2026-03-16T02:43:07.904394+00:00,gpt-4o-mini,5898,3232,0.002824,14851.0,doc_qa,success
2026-03-16T03:22:05.633613+00:00,claude-sonnet-4-6,4482,825,0.025821,9433.6,data_extraction,success
2026-03-16T04:10:38.912929+00:00,claude-sonnet-4-6,3378,1037,0.025689,12371.8,customer_support_agent,success
2026-03-16T05:17:24.506112+00:00,gpt-4o-mini,2489,739,0.000817,11342.1,email_drafting,success
2026-03-16T06:11:50.248163+00:00,claude-haiku-4-5-20251001,26115,3162,0.03354,3085.6,code_review,success
2026-03-16T06:29:43.313495+00:00,claude-haiku-4-5-20251001,5928,1121,0.009226,6374.2,customer_support_agent,success
2026-03-16T07:04:35.588986+00:00,claude-sonnet-4-6,4722,1408,0.035286,1738.5,doc_qa,success
2026-03-16T07:29:55.782196+00:00,gpt-4o,3725,743,0.016743,5128.5,data_extraction,success
2026-03-16T08:10:17.630768+00:00,gpt-4o-mini,4497,1770,0.001737,10990.4,customer_support_agent,success
2026-03-16T09:14:35.368711+00:00,claude-haiku-4-5-20251001,7922,4863,0.02579,5286.3,code_review,success
2026-03-16T10:52:48.013766+00:00,gpt-4o-mini,4275,1939,0.001805,9481.6,customer_support_agent,success
2026-03-16T12:05:11.198659+00:00,claude-sonnet-4-6,22021,1503,0.088608,14090.9,doc_qa,success
2026-03-16T12:19:32.882847+00:00,gpt-4o-mini,5012,1658,0.001747,2576.3,doc_qa,success
2026-03-16T12:24:00.649321+00:00,gpt-4o,4302,719,0.017945,11300.2,customer_support_agent,success
2026-03-16T12:50:51.780948+00:00,claude-sonnet-4-6,5526,1796,0.043518,8298.4,customer_support_agent,success
2026-03-16T14:12:38.206146+00:00,gpt-4o,2683,671,0.013418,5876.0,customer_support_agent,success
2026-03-16T14:36:27.540623+00:00,gpt-4o,9310,2847,0.051745,10726.3,code_review,success
2026-03-16T15:27:49.770941+00:00,claude-sonnet-4-6,2059,514,0.013887,13425.4,customer_support_agent,success
2026-03-16T16:23:31.368975+00:00,gpt-4o-mini,9130,1807,0.002454,637.9,doc_qa,success
2026-03-16T16:42:05.344810+00:00,claude-haiku-4-5-20251001,3766,1957,0.010841,14690.6,customer_support_agent,success
2026-03-16T16:49:53.367779+00:00,claude-haiku-4-5-20251001,12518,6274,0.03511,6645.0,code_review,success
2026-03-16T17:31:09.444233+00:00,claude-haiku-4-5-20251001,2276,665,0.004481,14896.8,data_extraction,success
2026-03-16T18:10:53.425759+00:00,gpt-4o-mini,18953,3696,0.005061,2864.1,code_review,success
2026-03-16T19:08:57.958005+00:00,claude-haiku-4-5-20251001,3753,1035,0.007142,14690.2,customer_support_agent,success
2026-03-16T20:31:57.584821+00:00,claude-haiku-4-5-20251001,3893,742,0.006082,14006.3,customer_support_agent,success
2026-03-16T23:23:20.710273+00:00,gpt-4o,1767,815,0.012567,7324.0,email_drafting,success
2026-03-16T23:27:28.260302+00:00,gpt-4o,4410,1566,0.026685,3154.1,customer_support_agent,success
2026-03-17T00:26:59.209131+00:00,claude-haiku-4-5-20251001,14090,3011,0.023316,3928.1,doc_qa,success
2026-03-17T00:32:55.586523+00:00,claude-sonnet-4-6,1126,893,0.016773,10090.4,email_drafting,success
2026-03-17T00:51:40.577150+00:00,claude-haiku-4-5-20251001,2149,813,0.004971,4984.4,email_drafting,error
2026-03-17T02:23:07.469300+00:00,gpt-4o-mini,4117,1054,0.00125,6379.9,customer_support_agent,success
2026-03-17T02:37:33.757578+00:00,gpt-4o-mini,17052,4697,0.005376,7148.9,code_review,success
2026-03-17T04:17:41.280135+00:00,claude-sonnet-4-6,1439,355,0.009642,2657.1,email_drafting,success
2026-03-17T05:05:04.150594+00:00,gpt-4o,4605,847,0.019983,11609.5,customer_support_agent,error
2026-03-17T05:11:41.564946+00:00,gpt-4o,4407,1416,0.025177,13425.0,customer_support_agent,success
2026-03-17T05:36:43.821521+00:00,claude-sonnet-4-6,19065,1964,0.086655,3374.6,doc_qa,success
2026-03-17T06:02:35.470360+00:00,claude-haiku-4-5-20251001,39219,4029,0.047491,10624.7,code_review,success
2026-03-17T06:08:27.985987+00:00,claude-sonnet-4-6,947,762,0.014271,13427.4,email_drafting,success
2026-03-17T06:16:30.262615+00:00,claude-sonnet-4-6,3543,1394,0.031539,1492.8,data_extraction,success
2026-03-17T06:31:32.349091+00:00,gpt-4o,4322,2600,0.036805,14657.0,doc_qa,success
2026-03-17T06:37:20.762702+00:00,gpt-4o,20742,1430,0.066155,10689.3,doc_qa,success
2026-03-17T09:15:16.773871+00:00,gpt-4o,7760,1100,0.0304,606.0,doc_qa,success
2026-03-17T11:07:40.819940+00:00,gpt-4o,30890,6512,0.142345,3844.6,code_review,success
2026-03-17T11:09:40.884882+00:00,gpt-4o,15254,2300,0.061135,3061.7,doc_qa,success
2026-03-17T11:57:36.136052+00:00,gpt-4o,7126,2867,0.046485,3342.0,code_review,success
2026-03-17T12:50:41.122598+00:00,claude-haiku-4-5-20251001,2438,691,0.004714,12046.6,email_drafting,success
2026-03-17T12:51:59.088334+00:00,claude-sonnet-4-6,1941,315,0.010548,3702.1,email_drafting,success
2026-03-17T15:11:17.230124+00:00,gpt-4o-mini,16210,3462,0.004509,12722.5,doc_qa,success
2026-03-17T17:32:43.440406+00:00,gpt-4o-mini,20974,7407,0.00759,12292.7,code_review,success
2026-03-17T17:45:14.764645+00:00,claude-sonnet-4-6,1998,316,0.010734,12575.7,data_extraction,success
2026-03-17T18:10:07.211129+00:00,claude-haiku-4-5-20251001,3165,1288,0.007684,10500.2,data_extraction,success
2026-03-17T19:25:48.920462+00:00,claude-haiku-4-5-20251001,2650,1616,0.008584,10938.7,customer_support_agent,success
2026-03-17T20:19:48.930875+00:00,claude-sonnet-4-6,12901,4955,0.113028,1584.9,code_review,success
2026-03-17T20:32:52.347465+00:00,gpt-4o-mini,1644,770,0.000709,8982.0,email_drafting,success
2026-03-17T20:36:22.432854+00:00,claude-sonnet-4-6,8402,2835,0.067731,6385.7,doc_qa,success
2026-03-17T21:00:52.169399+00:00,gpt-4o-mini,1571,821,0.000728,10578.7,email_drafting,success
2026-03-17T21:39:20.342622+00:00,claude-haiku-4-5-20251001,1789,256,0.002455,11437.2,email_drafting,success
2026-03-17T21:54:05.472764+00:00,gpt-4o,1820,542,0.00997,12932.4,email_drafting,success
2026-03-17T22:28:29.910598+00:00,gpt-4o-mini,23252,2757,0.005142,14091.2,doc_qa,success
2026-03-17T22:45:16.895590+00:00,claude-sonnet-4-6,26058,3793,0.135069,2169.5,code_review,success
2026-03-17T22:51:22.218118+00:00,gpt-4o-mini,2787,678,0.000825,13584.8,customer_support_agent,error
2026-03-17T23:06:29.855175+00:00,gpt-4o,13353,1226,0.045643,13155.5,doc_qa,success
2026-03-18T02:16:15.146528+00:00,gpt-4o-mini,5550,2825,0.002527,12945.4,doc_qa,success
2026-03-18T03:31:40.002576+00:00,claude-haiku-4-5-20251001,4803,656,0.006466,6696.3,customer_support_agent,success
2026-03-18T03:51:34.251049+00:00,gpt-4o-mini,14856,2700,0.003848,14958.5,doc_qa,success
2026-03-18T05:07:12.528308+00:00,gpt-4o,12759,1743,0.049327,2037.3,doc_qa,success
2026-03-18T05:10:12.655511+00:00,claude-sonnet-4-6,23420,1639,0.094845,7510.9,doc_qa,success
2026-03-18T05:11:42.461685+00:00,gpt-4o-mini,1741,461,0.000538,14593.1,data_extraction,success
2026-03-18T06:27:37.296305+00:00,claude-haiku-4-5-20251001,2129,1841,0.009067,7142.2,customer_support_agent,success
2026-03-18T06:41:37.368465+00:00,claude-haiku-4-5-20251001,3431,1633,0.009277,7870.5,customer_support_agent,success
2026-03-18T07:12:57.135050+00:00,gpt-4o,5699,1680,0.031048,2959.3,customer_support_agent,success
2026-03-18T07:18:15.841185+00:00,claude-sonnet-4-6,1549,613,0.013842,2968.1,data_extraction,success
2026-03-18T07:33:12.314534+00:00,claude-sonnet-4-6,618,288,0.006174,9635.3,email_drafting,success
2026-03-18T08:06:29.279856+00:00,gpt-4o,15746,3679,0.076155,4754.5,doc_qa,success
2026-03-18T08:16:07.389798+00:00,gpt-4o,15232,2637,0.06445,8578.4,doc_qa,success
2026-03-18T08:38:29.443581+00:00,gpt-4o-mini,4127,1267,0.001379,12499.3,customer_support_agent,success
2026-03-18T09:13:32.232502+00:00,gpt-4o,4086,2846,0.038675,6575.0,doc_qa,success
2026-03-18T09:31:44.006941+00:00,gpt-4o-mini,13150,7758,0.006627,8798.1,code_review,success
2026-03-18T11:59:13.298259+00:00,claude-haiku-4-5-20251001,7585,3402,0.019676,627.2,code_review,success
2026-03-18T12:01:09.676804+00:00,claude-haiku-4-5-20251001,3797,1196,0.007822,6834.3,data_extraction,success
2026-03-18T12:01:23.945711+00:00,gpt-4o-mini,4826,1600,0.001684,3657.8,customer_support_agent,success
2026-03-18T12:52:20.609565+00:00,gpt-4o,1129,307,0.005893,14256.6,email_drafting,error
2026-03-18T13:06:59.690453+00:00,gpt-4o-mini,2096,1431,0.001173,5378.9,data_extraction,success
2026-03-18T13:38:54.933848+00:00,claude-sonnet-4-6,2810,1357,0.028785,14713.3,customer_support_agent,success
2026-03-18T15:31:05.642279+00:00,claude-sonnet-4-6,15465,6592,0.145275,774.7,code_review,success
2026-03-18T16:40:47.428914+00:00,gpt-4o-mini,3233,1468,0.001366,2586.7,customer_support_agent,success
2026-03-18T16:47:18.850959+00:00,gpt-4o-mini,1658,634,0.000629,13480.6,data_extraction,success
2026-03-18T18:21:24.595909+00:00,gpt-4o-mini,2151,1430,0.001181,5745.2,customer_support_agent,success
2026-03-18T19:31:32.668199+00:00,gpt-4o-mini,7955,2959,0.002969,3406.0,doc_qa,success
2026-03-18T19:38:59.896324+00:00,claude-haiku-4-5-20251001,1322,832,0.004386,8474.6,email_drafting,success
2026-03-18T19:43:42.155359+00:00,gpt-4o-mini,13368,4159,0.004501,6486.6,code_review,success
2026-03-18T19:45:59.108678+00:00,claude-sonnet-4-6,30238,6186,0.183504,10094.5,code_review,success
2026-03-18T19:59:38.980215+00:00,claude-sonnet-4-6,9916,6348,0.124968,6477.5,code_review,success
2026-03-18T20:19:00.510156+00:00,claude-haiku-4-5-20251001,7787,2603,0.016642,11941.7,doc_qa,error
2026-03-18T20:22:42.760361+00:00,claude-haiku-4-5-20251001,18130,1356,0.019928,9416.5,doc_qa,success
2026-03-18T20:30:53.866806+00:00,gpt-4o,25900,3646,0.10121,4248.1,code_review,success
2026-03-18T20:57:39.695091+00:00,gpt-4o-mini,24629,7144,0.007981,3509.0,code_review,success
2026-03-18T22:29:11.927132+00:00,claude-sonnet-4-6,2226,1694,0.032088,5618.6,customer_support_agent,success
2026-03-19T00:03:50.434957+00:00,gpt-4o,1904,429,0.00905,8007.0,email_drafting,success
2026-03-19T02:05:15.731719+00:00,claude-sonnet-4-6,2655,1328,0.027885,10481.7,data_extraction,success
2026-03-19T02:24:11.254421+00:00,claude-haiku-4-5-20251001,1052,464,0.002698,9116.9,email_drafting,success
2026-03-19T03:02:52.851300+00:00,gpt-4o,5016,3055,0.04309,11466.3,doc_qa,success
2026-03-19T03:07:34.826454+00:00,gpt-4o,1638,540,0.009495,13416.4,email_drafting,success
2026-03-19T03:19:00.236239+00:00,claude-sonnet-4-6,9634,2294,0.063312,1831.5,doc_qa,success
2026-03-19T03:34:13.180927+00:00,claude-haiku-4-5-20251001,3602,1332,0.00821,4870.2,customer_support_agent,success
2026-03-19T04:07:55.428972+00:00,gpt-4o-mini,33630,2776,0.00671,8594.2,code_review,success
2026-03-19T04:38:06.239487+00:00,gpt-4o,4009,1169,0.021712,1295.0,data_extraction,success
2026-03-19T04:45:23.397150+00:00,claude-haiku-4-5-20251001,3541,976,0.006737,8130.1,customer_support_agent,success
2026-03-19T06:27:36.480390+00:00,gpt-4o,5543,520,0.019057,4477.3,customer_support_agent,success
2026-03-19T07:08:51.352312+00:00,claude-sonnet-4-6,4620,1028,0.02928,7562.2,customer_support_agent,success
2026-03-19T08:00:24.551387+00:00,gpt-4o-mini,2592,1366,0.001208,11082.3,data_extraction,success
2026-03-19T08:30:54.445940+00:00,claude-haiku-4-5-20251001,6475,2748,0.016172,1619.5,doc_qa,success
2026-03-19T08:39:47.364892+00:00,claude-sonnet-4-6,36677,4460,0.176931,6200.3,code_review,error
2026-03-19T09:18:38.061664+00:00,gpt-4o-mini,5808,1188,0.001584,10030.3,customer_support_agent,success
2026-03-19T12:58:09.835560+00:00,gpt-4o,22236,3614,0.09173,5247.6,code_review,success
2026-03-19T13:10:17.564601+00:00,gpt-4o,1561,706,0.010963,11532.5,email_drafting,success
2026-03-19T13:55:52.700259+00:00,claude-haiku-4-5-20251001,19182,7123,0.043838,1398.5,code_review,error
2026-03-19T15:31:30.507153+00:00,claude-haiku-4-5-20251001,5219,1766,0.011239,9994.2,customer_support_agent,success
2026-03-19T15:37:56.003746+00:00,gpt-4o,21234,6255,0.115635,14761.6,code_review,success
2026-03-19T16:47:15.432797+00:00,claude-haiku-4-5-20251001,15555,1069,0.01672,3783.3,doc_qa,success
2026-03-19T16:59:39.196696+00:00,gpt-4o,3960,1366,0.02356,12990.9,customer_support_agent,success
2026-03-19T18:31:42.420715+00:00,claude-haiku-4-5-20251001,6849,1262,0.010527,9104.9,doc_qa,success
2026-03-19T18:45:48.705139+00:00,gpt-4o-mini,9892,7196,0.005801,7332.3,code_review,success
2026-03-19T18:56:21.341604+00:00,claude-sonnet-4-6,17416,2524,0.090108,6249.5,doc_qa,success
2026-03-19T21:05:54.048807+00:00,claude-sonnet-4-6,19882,3611,0.113811,1286.8,doc_qa,success
2026-03-19T21:11:05.447663+00:00,claude-haiku-4-5-20251001,3602,1154,0.007498,1854.2,customer_support_agent,success
2026-03-19T21:21:15.800942+00:00,gpt-4o-mini,2584,638,0.00077,6724.6,customer_support_agent,success
2026-03-19T22:38:05.879421+00:00,gpt-4o,1767,1132,0.015738,10988.7,data_extraction,error
2026-03-19T22:57:31.893940+00:00,gpt-4o-mini,6855,2487,0.00252,5845.8,code_review,success
2026-03-19T23:00:13.408855+00:00,claude-sonnet-4-6,2389,731,0.018132,10299.2,customer_support_agent,success
2026-03-19T23:00:57.461682+00:00,gpt-4o,4198,861,0.019105,2844.0,customer_support_agent,success
2026-03-20T00:19:35.481535+00:00,gpt-4o-mini,1955,476,0.000579,853.6,email_drafting,success
2026-03-20T00:20:15.761845+00:00,gpt-4o-mini,1727,668,0.00066,8361.3,email_drafting,success
2026-03-20T00:54:45.872113+00:00,gpt-4o-mini,2736,1563,0.001348,5251.5,customer_support_agent,success
2026-03-20T01:32:18.545910+00:00,claude-haiku-4-5-20251001,9523,3710,0.022458,6080.9,doc_qa,success
2026-03-20T05:15:47.412334+00:00,gpt-4o,4218,1680,0.027345,3936.8,customer_support_agent,success
2026-03-20T05:53:12.370186+00:00,claude-haiku-4-5-20251001,2046,639,0.004193,9570.5,email_drafting,success
2026-03-20T06:03:08.272490+00:00,gpt-4o-mini,1973,859,0.000811,9920.1,email_drafting,success
2026-03-20T07:54:32.898566+00:00,claude-haiku-4-5-20251001,2817,654,0.00487,9994.5,customer_support_agent,success
2026-03-20T08:01:50.863719+00:00,claude-haiku-4-5-20251001,10824,1561,0.014903,656.6,doc_qa,success
2026-03-20T08:10:44.816459+00:00,gpt-4o-mini,5869,1202,0.001602,12062.4,customer_support_agent,success
2026-03-20T09:15:08.235397+00:00,gpt-4o-mini,1752,1257,0.001017,3973.2,data_extraction,success
2026-03-20T09:17:06.458544+00:00,gpt-4o,26503,7179,0.138047,2027.7,code_review,success
2026-03-20T09:46:44.859928+00:00,gpt-4o-mini,8009,2299,0.002581,6691.2,doc_qa,success
2026-03-20T09:56:52.335566+00:00,gpt-4o-mini,635,621,0.000468,9991.6,email_drafting,success
2026-03-20T11:18:01.066013+00:00,gpt-4o-mini,27117,5270,0.00723,6059.4,code_review,success
2026-03-20T11:29:26.544169+00:00,gpt-4o,17009,4465,0.087172,13945.5,code_review,success
2026-03-20T12:16:52.366091+00:00,claude-haiku-4-5-20251001,3628,1855,0.010322,14469.5,customer_support_agent,success
2026-03-20T12:18:08.893558+00:00,gpt-4o-mini,6917,1992,0.002233,12793.4,doc_qa,success
2026-03-20T12:23:26.430392+00:00,claude-haiku-4-5-20251001,2277,676,0.004526,8164.1,email_drafting,success
2026-03-20T12:26:33.481697+00:00,gpt-4o,23926,1735,0.077165,9955.5,doc_qa,success
2026-03-20T15:04:40.553468+00:00,claude-haiku-4-5-20251001,14449,7263,0.040611,12269.1,code_review,success
2026-03-20T15:24:20.364840+00:00,gpt-4o-mini,23958,1995,0.004791,11037.4,doc_qa,error
2026-03-20T16:08:32.337370+00:00,gpt-4o-mini,1265,904,0.000732,5401.5,email_drafting,success
2026-03-20T16:23:11.323217+00:00,claude-sonnet-4-6,15053,2992,0.090039,1980.9,doc_qa,success
2026-03-20T16:40:19.055351+00:00,claude-sonnet-4-6,6389,6070,0.110217,6580.4,code_review,success
2026-03-20T17:18:33.153189+00:00,gpt-4o-mini,14952,1469,0.003124,2024.0,doc_qa,success
2026-03-20T18:10:01.662485+00:00,claude-sonnet-4-6,1176,941,0.017643,12659.2,email_drafting,success
2026-03-20T18:32:42.460641+00:00,gpt-4o-mini,31874,3419,0.006833,11609.2,code_review,success
2026-03-20T18:52:21.104141+00:00,gpt-4o-mini,20806,1966,0.004301,13410.0,doc_qa,success
2026-03-20T18:53:32.063705+00:00,gpt-4o,9019,3286,0.055407,12684.4,doc_qa,success
2026-03-20T19:35:10.881895+00:00,claude-sonnet-4-6,5074,1333,0.035217,7388.6,customer_support_agent,success
2026-03-20T19:41:41.608347+00:00,gpt-4o,20470,2177,0.072945,12047.8,doc_qa,success
2026-03-20T20:30:53.603928+00:00,claude-sonnet-4-6,13493,3913,0.099174,8390.1,doc_qa,success
2026-03-20T20:45:11.402009+00:00,gpt-4o,35140,2853,0.11638,11560.9,code_review,success
2026-03-20T22:11:20.884576+00:00,claude-sonnet-4-6,2180,474,0.01365,1179.5,email_drafting,success
2026-03-20T23:40:31.994856+00:00,claude-sonnet-4-6,5422,1332,0.036246,6602.4,customer_support_agent,success
2026-03-20T23:44:57.940158+00:00,claude-sonnet-4-6,2812,502,0.015966,4058.2,customer_support_agent,success
2026-03-21T00:07:59.302443+00:00,claude-sonnet-4-6,2335,721,0.01782,14211.4,customer_support_agent,success
2026-03-21T00:40:06.155164+00:00,gpt-4o,18402,7719,0.123195,4698.9,code_review,success
2026-03-21T01:09:55.057779+00:00,gpt-4o-mini,25430,2997,0.005613,5684.4,code_review,success
2026-03-21T01:15:00.661082+00:00,claude-haiku-4-5-20251001,3487,925,0.00649,14822.6,data_extraction,success
2026-03-21T01:29:41.644312+00:00,claude-haiku-4-5-20251001,4905,1051,0.008128,11273.7,customer_support_agent,success
2026-03-21T01:38:52.143667+00:00,claude-sonnet-4-6,1902,445,0.012381,14943.2,email_drafting,success
2026-03-21T02:49:55.731052+00:00,claude-haiku-4-5-20251001,26650,7360,0.05076,4038.2,code_review,success
2026-03-21T02:56:38.591545+00:00,claude-haiku-4-5-20251001,14136,1992,0.019277,2129.5,doc_qa,success
2026-03-21T03:10:46.219153+00:00,claude-sonnet-4-6,15552,3004,0.091716,1592.5,doc_qa,success
2026-03-21T04:39:52.160113+00:00,gpt-4o,7190,3062,0.048595,1757.0,code_review,success
2026-03-21T05:33:14.918727+00:00,claude-haiku-4-5-20251001,6000,1360,0.01024,13659.6,customer_support_agent,success
2026-03-21T06:47:49.886575+00:00,gpt-4o,7660,1181,0.03096,1942.1,doc_qa,success
2026-03-21T07:08:50.806631+00:00,gpt-4o,1720,599,0.01029,10819.5,email_drafting,success
2026-03-21T07:27:52.476846+00:00,claude-haiku-4-5-20251001,2731,551,0.004389,6639.3,data_extraction,success
2026-03-21T07:56:41.895307+00:00,claude-haiku-4-5-20251001,37098,2094,0.038054,5312.6,code_review,success
2026-03-21T09:32:04.384135+00:00,claude-sonnet-4-6,26977,4313,0.145626,3534.8,code_review,success
2026-03-21T09:36:22.295673+00:00,claude-haiku-4-5-20251001,2136,1979,0.009625,8429.0,customer_support_agent,success
2026-03-21T09:48:35.065239+00:00,claude-haiku-4-5-20251001,5619,1444,0.010271,6292.9,customer_support_agent,success
2026-03-21T09:50:52.784866+00:00,gpt-4o-mini,2170,1094,0.000982,14482.3,customer_support_agent,success
2026-03-21T12:55:36.499273+00:00,claude-sonnet-4-6,3254,1669,0.034797,7030.0,customer_support_agent,success
2026-03-21T13:24:09.527414+00:00,claude-haiku-4-5-20251001,23328,3013,0.030714,1419.1,doc_qa,success
2026-03-21T14:09:39.189942+00:00,claude-haiku-4-5-20251001,17168,6286,0.038878,6785.3,code_review,success
2026-03-21T14:09:41.654090+00:00,gpt-4o,4391,1283,0.023808,2931.4,customer_support_agent,success
2026-03-21T14:31:21.087543+00:00,claude-sonnet-4-6,16087,3057,0.094116,6932.8,code_review,success
2026-03-21T15:53:43.896280+00:00,gpt-4o-mini,17191,3074,0.004423,4315.7,doc_qa,success
2026-03-21T17:00:27.555574+00:00,gpt-4o,2564,1349,0.0199,10819.1,data_extraction,success
2026-03-21T17:01:06.565503+00:00,gpt-4o,3720,750,0.0168,7890.1,customer_support_agent,success
2026-03-21T17:59:37.295440+00:00,gpt-4o,1973,830,0.013232,6105.2,email_drafting,success
2026-03-21T19:11:06.593345+00:00,claude-haiku-4-5-20251001,3620,1241,0.00786,1250.4,customer_support_agent,success
2026-03-21T20:14:39.237367+00:00,claude-sonnet-4-6,25962,7138,0.184956,1715.1,code_review,success
2026-03-21T20:29:05.059403+00:00,gpt-4o,7167,2201,0.039927,14560.8,code_review,success
2026-03-21T21:03:01.794893+00:00,claude-sonnet-4-6,2689,1675,0.033192,10014.3,customer_support_agent,success
2026-03-21T21:06:13.866337+00:00,gpt-4o,9591,1304,0.037018,615.9,doc_qa,success
2026-03-21T23:22:26.873761+00:00,claude-sonnet-4-6,4586,979,0.028443,13248.3,customer_support_agent,success
2026-03-21T23:46:18.448979+00:00,gpt-4o,4160,1752,0.02792,7149.6,customer_support_agent,error
2026-03-22T00:27:29.164807+00:00,claude-sonnet-4-6,18005,3435,0.10554,10292.2,doc_qa,success
2026-03-22T02:23:50.753078+00:00,gpt-4o-mini,1990,248,0.000447,9790.4,email_drafting,success
2026-03-22T03:45:57.818560+00:00,gpt-4o-mini,5651,1918,0.001998,10987.1,doc_qa,success
2026-03-22T04:05:51.440802+00:00,gpt-4o-mini,4177,1336,0.001428,8126.2,customer_support_agent,success
2026-03-22T04:33:43.358507+00:00,claude-sonnet-4-6,8982,2713,0.067641,10491.3,doc_qa,success
2026-03-22T05:06:08.427068+00:00,claude-sonnet-4-6,17613,1964,0.082299,2246.9,doc_qa,success
2026-03-22T05:08:11.740691+00:00,gpt-4o,2393,358,0.009562,592.3,email_drafting,success
2026-03-22T08:59:40.841439+00:00,gpt-4o-mini,34248,6670,0.009139,6967.8,code_review,success
2026-03-22T09:58:02.798952+00:00,gpt-4o-mini,3134,575,0.000815,7942.0,customer_support_agent,success
2026-03-22T10:08:43.277377+00:00,gpt-4o,2395,801,0.013997,2883.4,email_drafting,success
2026-03-22T10:29:19.150264+00:00,gpt-4o,17616,2726,0.0713,6946.9,doc_qa,success
2026-03-22T12:09:28.227341+00:00,claude-sonnet-4-6,9312,6647,0.127641,12370.0,code_review,success
2026-03-22T12:44:01.828198+00:00,gpt-4o-mini,2582,1960,0.001563,10325.7,customer_support_agent,success
2026-03-22T12:48:14.590528+00:00,claude-sonnet-4-6,3894,842,0.024312,12136.8,customer_support_agent,success
2026-03-22T13:15:52.785233+00:00,claude-sonnet-4-6,17547,2073,0.083736,13147.0,doc_qa,success
2026-03-22T13:32:53.249404+00:00,gpt-4o-mini,14718,3920,0.00456,9828.8,doc_qa,success
2026-03-22T14:07:36.607013+00:00,claude-sonnet-4-6,24803,2389,0.110244,9919.9,doc_qa,success
2026-03-22T14:23:34.552729+00:00,gpt-4o-mini,36522,2893,0.007214,5501.0,code_review,success
2026-03-22T14:56:36.779680+00:00,claude-haiku-4-5-20251001,2327,1153,0.006474,2970.7,customer_support_agent,success
2026-03-22T16:59:45.921848+00:00,gpt-4o,12052,1822,0.04835,9331.8,doc_qa,success
2026-03-22T17:08:55.163790+00:00,gpt-4o-mini,526,861,0.000596,5526.9,email_drafting,success
2026-03-22T17:11:09.935300+00:00,gpt-4o-mini,32454,5274,0.008032,8780.9,code_review,success
2026-03-22T18:24:10.641597+00:00,gpt-4o,2282,734,0.013045,2989.9,customer_support_agent,success
2026-03-22T18:38:44.837779+00:00,gpt-4o-mini,6889,2541,0.002558,9527.5,doc_qa,success
2026-03-22T19:49:32.583311+00:00,gpt-4o-mini,650,712,0.000525,5655.0,email_drafting,success
2026-03-22T20:10:45.737232+00:00,gpt-4o,784,634,0.0083,14703.7,email_drafting,error
2026-03-22T20:23:21.143058+00:00,gpt-4o,3238,1606,0.024155,1895.0,customer_support_agent,success
2026-03-22T21:28:19.447163+00:00,gpt-4o,700,240,0.00415,6791.4,email_drafting,success
2026-03-22T22:17:28.392283+00:00,gpt-4o-mini,1179,837,0.000679,3785.5,email_drafting,success
2026-03-22T22:37:55.002396+00:00,claude-haiku-4-5-20251001,4397,1153,0.00813,7511.7,data_extraction,success
2026-03-22T23:37:19.281012+00:00,gpt-4o,18746,2108,0.067945,14563.1,doc_qa,success
2026-03-22T23:41:45.090558+00:00,claude-haiku-4-5-20251001,2903,1930,0.010042,6561.9,customer_support_agent,success
2026-03-23T00:44:03.879882+00:00,gpt-4o,1563,805,0.011957,9567.6,email_drafting,success
2026-03-23T01:49:17.368064+00:00,gpt-4o,5973,1192,0.026853,8598.8,customer_support_agent,success
2026-03-23T02:44:19.151207+00:00,claude-haiku-4-5-20251001,3658,1283,0.008058,2422.8,data_extraction,success
2026-03-23T03:26:43.183400+00:00,claude-haiku-4-5-20251001,21425,1724,0.024036,9326.1,doc_qa,success
2026-03-23T04:00:03.729009+00:00,gpt-4o,4485,965,0.020862,8602.5,customer_support_agent,success
2026-03-23T04:06:36.431273+00:00,gpt-4o,10210,2963,0.055155,1298.0,code_review,success
2026-03-23T04:26:22.851822+00:00,claude-haiku-4-5-20251001,12132,2960,0.021546,1873.7,code_review,success
2026-03-23T04:31:05.863626+00:00,claude-sonnet-4-6,13915,1650,0.066495,3037.1,doc_qa,success
2026-03-23T05:23:39.722480+00:00,gpt-4o,38746,6444,0.161305,4965.3,code_review,success
2026-03-23T06:05:26.688391+00:00,claude-haiku-4-5-20251001,5813,896,0.008234,6836.3,customer_support_agent,success
2026-03-23T06:19:02.489790+00:00,claude-sonnet-4-6,30437,7424,0.202671,9165.3,code_review,success
2026-03-23T06:47:58.646602+00:00,claude-haiku-4-5-20251001,11271,2053,0.017229,7983.9,code_review,error
2026-03-23T08:25:31.911035+00:00,claude-sonnet-4-6,39262,4291,0.182151,12460.5,code_review,success
2026-03-23T08:30:39.638630+00:00,claude-haiku-4-5-20251001,2414,852,0.005339,7475.7,email_drafting,success
2026-03-23T09:13:49.564648+00:00,claude-haiku-4-5-20251001,4197,1842,0.010726,1802.1,customer_support_agent,success
2026-03-23T09:18:20.999790+00:00,gpt-4o-mini,3385,1625,0.001483,12383.9,customer_support_agent,success
2026-03-23T09:37:54.702756+00:00,gpt-4o-mini,4357,1212,0.001381,6721.2,customer_support_agent,success
2026-03-23T10:00:14.459103+00:00,claude-haiku-4-5-20251001,34209,4781,0.046491,9071.0,code_review,success
2026-03-23T10:19:29.551412+00:00,claude-sonnet-4-6,19688,4556,0.127404,1903.9,code_review,success
2026-03-23T10:50:16.691967+00:00,gpt-4o-mini,10797,1895,0.002757,13215.9,doc_qa,success
2026-03-23T12:44:32.662239+00:00,claude-sonnet-4-6,24914,2052,0.105522,4039.2,code_review,success
2026-03-23T12:58:02.615028+00:00,gpt-4o,20054,1963,0.069765,3098.8,doc_qa,success
2026-03-23T13:17:24.781543+00:00,claude-haiku-4-5-20251001,21003,1033,0.020934,14281.4,doc_qa,success
2026-03-23T13:40:34.682123+00:00,claude-haiku-4-5-20251001,30678,6135,0.049082,11359.9,code_review,success
2026-03-23T13:55:36.194061+00:00,gpt-4o-mini,33679,6414,0.0089,11394.8,code_review,success
2026-03-23T14:10:58.529905+00:00,gpt-4o-mini,6665,2416,0.002449,8585.8,code_review,success
2026-03-23T14:11:33.710467+00:00,gpt-4o-mini,30614,6531,0.008511,10242.6,code_review,success
2026-03-23T14:32:24.423253+00:00,gpt-4o,1652,305,0.00718,13925.4,email_drafting,success
2026-03-23T15:52:27.471628+00:00,claude-sonnet-4-6,2537,1309,0.027246,7507.6,customer_support_agent,success
2026-03-23T17:10:55.549410+00:00,claude-sonnet-4-6,2664,932,0.021972,2813.2,customer_support_agent,success
2026-03-23T17:28:45.301385+00:00,claude-haiku-4-5-20251001,23403,3260,0.031762,8789.5,code_review,success
2026-03-23T20:44:37.307014+00:00,claude-haiku-4-5-20251001,1140,281,0.002036,3947.2,email_drafting,success
2026-03-23T21:40:35.258179+00:00,gpt-4o,4298,693,0.017675,1910.1,data_extraction,success
2026-03-23T22:14:36.266516+00:00,gpt-4o,5457,808,0.021722,13889.3,customer_support_agent,success
2026-03-23T23:20:13.101678+00:00,claude-sonnet-4-6,4598,1544,0.036954,13407.9,customer_support_agent,success
2026-03-23T23:51:45.631666+00:00,claude-sonnet-4-6,7455,2023,0.05271,5414.6,doc_qa,success
2026-03-23T23:58:52.120772+00:00,claude-haiku-4-5-20251001,9290,5928,0.031144,13231.3,code_review,error
